unix_begin,unix_end,date,begin,end,folder,task,duration,duration_decimal,rounding_to,rounding_method,hourly_rate,revenue,billing_status,notes
1695625200,1695632400,2023-09-25,09:00,11:00,"NSP AI","Organizzazione Sales AI",2:00,2.00,0,nearest,29.00,58.00,unbilled,"Gestione Team AI"
1695632400,1695639600,2023-09-25,11:00,13:00,"Presale","Presale vari",2:00,2.00,0,nearest,29.00,58.00,unbilled,"Saffi + vari"
1695643200,1695646800,2023-09-25,14:00,15:00,"Presale","Morgan Advanced Materials",1:00,1.00,0,nearest,29.00,29.00,unbilled,"Allineamento interno"
1695646800,1695650400,2023-09-25,15:00,16:00,"Projects","TeamSystem AI",1:00,1.00,0,nearest,,,,"Allineamento"
1695650400,1695657600,2023-09-25,16:00,18:00,"Presale","Natuzzi",2:00,2.00,0,nearest,29.00,58.00,unbilled,"Preparazione Natuzzi"
1695711600,1695726000,2023-09-26,09:00,13:00,"NSP Org","Allineamenti Interni",4:00,4.00,0,nearest,29.00,116.00,unbilled,"Meeting RR8 a BS"
1695729600,1695744000,2023-09-26,14:00,18:00,"NSP Org","Allineamenti Interni",4:00,4.00,0,nearest,29.00,116.00,unbilled,"Meeting RR8 a BS"
1695798000,1695805200,2023-09-27,09:00,11:00,"MISE","MISE 3",2:00,2.00,0,nearest,29.00,58.00,unbilled,"Avanzamento"
1695805200,1695808800,2023-09-27,11:00,12:00,"NSP IT","Progress IT",1:00,1.00,0,nearest,29.00,29.00,unbilled,"Ricerca nuovo IT Manager -- Andrea Tore"
1695808800,1695812400,2023-09-27,12:00,13:00,"NH","Prodotto",1:00,1.00,0,nearest,29.00,29.00,unbilled,"Progress"
1695816000,1695819600,2023-09-27,14:00,15:00,"NSP IT","Progress IT",1:00,1.00,0,nearest,29.00,29.00,unbilled,"Ricerca nuovo IT Manager -- Andrea Tore"
1695819600,1695830400,2023-09-27,15:00,18:00,"Presale","Natuzzi",3:00,3.00,0,nearest,29.00,87.00,unbilled,"Preparazione Slide"
1695884400,1695888000,2023-09-28,09:00,10:00,"Projects","Trenord PoC",1:00,1.00,0,nearest,,,,"KickOff"
1695888000,1695898800,2023-09-28,10:00,13:00,"R&D","LLM",3:00,3.00,0,nearest,29.00,87.00,unbilled,"Update search architecture"
1695902400,1695906000,2023-09-28,14:00,15:00,"Presale","Presale vari",1:00,1.00,0,nearest,29.00,29.00,unbilled,"Esselunga"
1695906000,1695909600,2023-09-28,15:00,16:00,"NSP IT","AWS Partnership",1:00,1.00,0,nearest,29.00,29.00,unbilled,"Update Partnership"
1695909600,1695913200,2023-09-28,16:00,17:00,"NSP IT","Progress IT",1:00,1.00,0,nearest,29.00,29.00,unbilled,"Ricerca nuovo IT Manager -- Call Inlay"
1695913200,1695916800,2023-09-28,17:00,18:00,"R&D","Image Search RR8",1:00,1.00,0,nearest,29.00,29.00,unbilled,"Scelta vector DB"
1695970800,1695974400,2023-09-29,09:00,10:00,"NH","Team NH",1:00,1.00,0,nearest,29.00,29.00,unbilled,"Progress"
1695974400,1695978000,2023-09-29,10:00,11:00,"Presale","Natuzzi",1:00,1.00,0,nearest,29.00,29.00,unbilled,"Presentazione cliente"
1695978000,1695985200,2023-09-29,11:00,13:00,"NH","Presale NH",2:00,2.00,0,nearest,29.00,58.00,unbilled,"Angelini + Fidelio"
1695988800,1696003200,2023-09-29,14:00,18:00,"NSP IT","Formazione Team IT",4:00,4.00,0,nearest,29.00,116.00,unbilled,""