unix_begin,unix_end,date,begin,end,folder,task,duration,duration_decimal,rounding_to,rounding_method,hourly_rate,revenue,billing_status,notes
1694415600,1694422800,2023-09-11,09:00,11:00,"NSP Org","Allineamenti Interni",2:00,2.00,0,nearest,29.00,58.00,unbilled,"Progress Commerciale"
1694422800,1694426400,2023-09-11,11:00,12:00,"Projects","Trenord PoC",1:00,1.00,0,nearest,,,,"PoC 1 e 2 discussion"
1694426400,1694430000,2023-09-11,12:00,13:00,"NH","Presale NH",1:00,1.00,0,nearest,29.00,29.00,unbilled,"Preventivo AbFab "
1694433600,1694437200,2023-09-11,14:00,15:00,"NSP AI","Organizzazione NSP AI",1:00,1.00,0,nearest,29.00,29.00,unbilled,"Gestione team AI"
1694437200,1694440800,2023-09-11,15:00,16:00,"Projects","Trenord PoC",1:00,1.00,0,nearest,,,,"PoC 03"
1694440800,1694448000,2023-09-11,16:00,18:00,"R&D","LLM",2:00,2.00,0,nearest,29.00,58.00,unbilled,"Deep Dive Bedrock"
1694502000,1694505600,2023-09-12,09:00,10:00,"NH","Team NH",1:00,1.00,0,nearest,29.00,29.00,unbilled,"Call PhD Pavia"
1694505600,1694509200,2023-09-12,10:00,11:00,"Presale","Presale vari",1:00,1.00,0,nearest,29.00,29.00,unbilled,"Esselunga "
1694509200,1694512800,2023-09-12,11:00,12:00,"NSP IT","DevOps ",1:00,1.00,0,nearest,29.00,29.00,unbilled,"Hosting streamlit "
1694512800,1694516400,2023-09-12,12:00,13:00,"R&D","Image Search RR8",1:00,1.00,0,nearest,29.00,29.00,unbilled,"Image search live in prod"
1694520000,1694523600,2023-09-12,14:00,15:00,"NH","Team NH",1:00,1.00,0,nearest,29.00,29.00,unbilled,"PhD Call"
1694523600,1694530800,2023-09-12,15:00,17:00,"Presale","Presale vari",2:00,2.00,0,nearest,29.00,58.00,unbilled,""
1694530800,1694534400,2023-09-12,17:00,18:00,"Presale","Presale vari",1:00,1.00,0,nearest,29.00,29.00,unbilled,"Morgan"
1694588400,1694592000,2023-09-13,09:00,10:00,"NSP IT","Progress IT",1:00,1.00,0,nearest,29.00,29.00,unbilled,"SAL"
1694592000,1694599200,2023-09-13,10:00,12:00,"MISE","MISE 3",2:00,2.00,0,nearest,29.00,58.00,unbilled,"Progress"
1694599200,1694602800,2023-09-13,12:00,13:00,"Presale","Presale vari",1:00,1.00,0,nearest,29.00,29.00,unbilled,"NeosHive"
1694606400,1694610000,2023-09-13,14:00,15:00,"NSP IT","DevOps ",1:00,1.00,0,nearest,29.00,29.00,unbilled,"Deploy Yonder"
1694610000,1694617200,2023-09-13,15:00,17:00,"NSP Org","Housekeeping",2:00,2.00,0,nearest,29.00,58.00,unbilled,"Questione viaggio Janos "
1694617200,1694620800,2023-09-13,17:00,18:00,"R&D","LLM",1:00,1.00,0,nearest,29.00,29.00,unbilled,"Update AI"
1694674800,1694689200,2023-09-14,09:00,13:00,"AWS Hero","Heroes update",4:00,4.00,900,up,,,,"AWS Community Day"
1694692800,1694707200,2023-09-14,14:00,18:00,"AWS Hero","Heroes update",4:00,4.00,0,nearest,,,,""
1694761200,1694775600,2023-09-15,09:00,13:00,"AWS Hero","Heroes update",4:00,4.00,0,nearest,,,,"AWS Heroes EMEA"
1694779200,1694793600,2023-09-15,14:00,18:00,"AWS Hero","Heroes update",4:00,4.00,0,nearest,,,,""