unix_begin,unix_end,date,begin,end,folder,task,duration,duration_decimal,rounding_to,rounding_method,hourly_rate,revenue,billing_status,notes
1695020400,1695024000,2023-09-18,09:00,10:00,"R&D","Image Search RR8",1:00,1.00,0,nearest,29.00,29.00,unbilled,""
1695024000,1695027600,2023-09-18,10:00,11:00,"R&D","AI Assistant",1:00,1.00,0,nearest,29.00,29.00,unbilled,""
1695027600,1695031200,2023-09-18,11:00,12:00,"Presale","Presale vari",1:00,1.00,0,nearest,29.00,29.00,unbilled,"Esselunga"
1695031200,1695034800,2023-09-18,12:00,13:00,"NSP Org","Allineamenti Interni",1:00,1.00,0,nearest,29.00,29.00,unbilled,"De Carne"
1695038400,1695042000,2023-09-18,14:00,15:00,"NSP AI","Organizzazione NSP AI",1:00,1.00,0,nearest,29.00,29.00,unbilled,""
1695042000,1695049200,2023-09-18,15:00,17:00,"Projects","Trenord PoC",2:00,2.00,0,nearest,,,,""
1695049200,1695052800,2023-09-18,17:00,18:00,"Presale","Presale vari",1:00,1.00,0,nearest,29.00,29.00,unbilled,"Beta80"
1695106800,1695110400,2023-09-19,09:00,10:00,"NSP AI","Organizzazione Sales AI",1:00,1.00,0,nearest,29.00,29.00,unbilled,"NSP AI"
1695110400,1695114000,2023-09-19,10:00,11:00,"Presale","Presale vari",1:00,1.00,0,nearest,29.00,29.00,unbilled,"Beta80"
1695114000,1695121200,2023-09-19,11:00,13:00,"NSP AI","Organizzazione NSP AI",2:00,2.00,0,nearest,29.00,58.00,unbilled,""
1695124800,1695132000,2023-09-19,14:00,16:00,"Projects","TeamSystem AI",2:00,2.00,0,nearest,,,,""
1695132000,1695139200,2023-09-19,16:00,18:00,"Projects","The Royaland",2:00,2.00,0,nearest,,,,""
1695193200,1695207600,2023-09-20,09:00,13:00,"NSP Org","Housekeeping",4:00,4.00,0,nearest,29.00,116.00,unbilled,"Organizzazione Team AI"
1695211200,1695218400,2023-09-20,14:00,16:00,"Presale","Presale vari",2:00,2.00,0,nearest,29.00,58.00,unbilled,"Praprazione documento Esselunga"
1695218400,1695225600,2023-09-20,16:00,18:00,"NH","Presale NH",2:00,2.00,0,nearest,29.00,58.00,unbilled,"Incontro DeliveryCare"
1695279600,1695294000,2023-09-21,09:00,13:00,"NSP Org","Allineamenti Interni",4:00,4.00,0,nearest,29.00,116.00,unbilled,"Gestione Knowledge Hub, Gestione Looptribe"
1695297600,1695301200,2023-09-21,14:00,15:00,"NSP Org","Allineamenti Interni",1:00,1.00,0,nearest,29.00,29.00,unbilled,"Allineamento con Ezio"
1695301200,1695304800,2023-09-21,15:00,16:00,"Projects","The Royaland",1:00,1.00,0,nearest,,,,"Definizione team"
1695304800,1695312000,2023-09-21,16:00,18:00,"Neoscogen","Organizzazione Neoscogen",2:00,2.00,0,nearest,29.00,58.00,unbilled,"Cleanup Cogen e allocazioni"
1695366000,1695380400,2023-09-22,09:00,13:00,"Presale","Morgan Advanced Materials",4:00,4.00,0,nearest,29.00,116.00,unbilled,"Workshop"
1695384000,1695398400,2023-09-22,14:00,18:00,"Presale","Morgan Advanced Materials",4:00,4.00,0,nearest,29.00,116.00,unbilled,"Workshop"