unix_begin,unix_end,date,begin,end,folder,task,duration,duration_decimal,rounding_to,rounding_method,hourly_rate,revenue,billing_status,notes
1693810800,1693818000,2023-09-04,09:00,11:00,"NSP Org","Housekeeping",2:00,2.00,0,nearest,29.00,58.00,unbilled,"Smaltimento Mail"
1693818000,1693821600,2023-09-04,11:00,12:00,"AWS Hero","Talk",1:00,1.00,0,nearest,,,,"Preparazione CUOA"
1693821600,1693825200,2023-09-04,12:00,13:00,"Projects","WFP",1:00,1.00,0,nearest,,,,"Supporto Juri gara WFP"
1693828800,1693832400,2023-09-04,14:00,15:00,"Projects","TeamSystem AI",1:00,1.00,0,nearest,,,,"Kickoff Interno"
1693832400,1693836000,2023-09-04,15:00,16:00,"NSP AI","Organizzazione NSP AI",1:00,1.00,0,nearest,29.00,29.00,unbilled,"Gestione Team AI"
1693836000,1693843200,2023-09-04,16:00,18:00,"Presale","Presale vari",2:00,2.00,0,nearest,29.00,58.00,unbilled,"Preparazione meeting Carlo Gavazzi"
1693897200,1693911600,2023-09-05,09:00,13:00,"Presale","Presale vari",4:00,4.00,0,nearest,29.00,116.00,unbilled,"Gavazzi"
1693915200,1693918800,2023-09-05,14:00,15:00,"NH","Team NH",1:00,1.00,0,nearest,29.00,29.00,unbilled,"Allineamento con Davide ed Emanuele"
1693918800,1693922400,2023-09-05,15:00,16:00,"Presale","Presale vari",1:00,1.00,0,nearest,29.00,29.00,unbilled,"Nuova startup Nicola Previati"
1693922400,1693926000,2023-09-05,16:00,17:00,"NSP Org","Housekeeping",1:00,1.00,0,nearest,29.00,29.00,unbilled,"Allineamento con Ezio Vergine"
1693926000,1693929600,2023-09-05,17:00,18:00,"Presale","Trenord",1:00,1.00,0,nearest,29.00,29.00,unbilled,"Kickoff interno trenors"
1693983600,1693992300,2023-09-06,09:00,11:25,"NSP Org","Housekeeping",2:25,2.42,0,nearest,29.00,70.08,unbilled,"Meeting Vari in ufficio con M. Pagani"
1693992300,1693998000,2023-09-06,11:25,13:00,"NSP IT","Progress IT",1:35,1.58,0,nearest,29.00,45.92,unbilled,"Incontro Angelo Colleoni per IT"
1694001600,1694008800,2023-09-06,14:00,16:00,"NSP IT","Progress IT",2:00,2.00,0,nearest,29.00,58.00,unbilled,"Retrospective ApplyMe / Organizzazione IT"
1694008800,1694012400,2023-09-06,16:00,17:00,"NSP Org","Allineamenti Interni",1:00,1.00,0,nearest,29.00,29.00,unbilled,"Blog Tech"
1694012400,1694016000,2023-09-06,17:00,18:00,"Projects","WFP",1:00,1.00,0,nearest,,,,"Preparazione materiale gara"
1694070000,1694080800,2023-09-07,09:00,12:00,"Projects","WFP",3:00,3.00,0,nearest,,,,"Preparazione Gara"
1694080800,1694084400,2023-09-07,12:00,13:00,"AWS Hero","ServerlessMeetup",1:00,1.00,0,nearest,,,,"Organizzazione"
1694088000,1694091600,2023-09-07,14:00,15:00,"Presale","Presale vari",1:00,1.00,0,nearest,29.00,29.00,unbilled,"Allineamento per Natuzzi con Maine"
1694091600,1694095200,2023-09-07,15:00,16:00,"NH","Presale NH",1:00,1.00,0,nearest,29.00,29.00,unbilled,"Call Ortona per Zapier"
1694095200,1694098800,2023-09-07,16:00,17:00,"Projects","TeamSystem AI",1:00,1.00,0,nearest,,,,"Update interno"
1694098800,1694102400,2023-09-07,17:00,18:00,"NH","Presale NH",1:00,1.00,0,nearest,29.00,29.00,unbilled,"Fidelio"
1694156400,1694160000,2023-09-08,09:00,10:00,"Presale","Presale vari",1:00,1.00,0,nearest,29.00,29.00,unbilled,"Unikaplast"
1694160000,1694167200,2023-09-08,10:00,12:00,"NH","Team NH",2:00,2.00,0,nearest,29.00,58.00,unbilled,"Sprint Demo"
1694167200,1694170800,2023-09-08,12:00,13:00,"Presale","Presale vari",1:00,1.00,0,nearest,29.00,29.00,unbilled,"Unikaplast"
1694174400,1694178000,2023-09-08,14:00,15:00,"NH","Team NH",1:00,1.00,0,nearest,29.00,29.00,unbilled,"Allineamento con Colella"
1694178000,1694188800,2023-09-08,15:00,18:00,"Presale","Presale vari",3:00,3.00,0,nearest,29.00,87.00,unbilled,"Unikaplast"