unix_begin,unix_end,date,begin,end,folder,task,duration,duration_decimal,rounding_to,rounding_method,hourly_rate,revenue,billing_status,notes
1685343600,1685347200,2023-05-29,09:00,10:00,"NSP AI","Organizzazione NSP AI",1:00,1.00,0,nearest,29.00,29.00,unbilled,""
1685347200,1685354400,2023-05-29,10:00,12:00,"NSP Org","Allineamenti Interni",2:00,2.00,0,nearest,29.00,58.00,unbilled,"Formazione Dashboard"
1685354400,1685358000,2023-05-29,12:00,13:00,"NH","Presale NH",1:00,1.00,0,nearest,29.00,29.00,unbilled,"Debrief"
1685361600,1685368800,2023-05-29,14:00,16:00,"NH","Presale NH",2:00,2.00,0,nearest,29.00,58.00,unbilled,""
1685368800,1685376000,2023-05-29,16:00,18:00,"NSP Org","B.Group",2:00,2.00,0,nearest,29.00,58.00,unbilled,"Preparazione DD"
1685430000,1685435400,2023-05-30,09:00,10:30,"NSP IT","Progress IT",1:30,1.50,0,nearest,29.00,43.50,unbilled,""
1685435400,1685437200,2023-05-30,10:30,11:00,"NH","Presale NH",0:30,0.50,0,nearest,29.00,14.50,unbilled,"Meeting report Bolzano"
1685437200,1685440800,2023-05-30,11:00,12:00,"NH","Prodotto",1:00,1.00,0,nearest,29.00,29.00,unbilled,""
1685440800,1685444400,2023-05-30,12:00,13:00,"NH","Prodotto",1:00,1.00,0,nearest,29.00,29.00,unbilled,"NH -- FHIR -- HealthLake"
1685448000,1685462400,2023-05-30,14:00,18:00,"NSP Org","B.Group",4:00,4.00,0,nearest,29.00,116.00,unbilled,"Preparazione DD"
1685516400,1685520000,2023-05-31,09:00,10:00,"R&D","KnowledgeHub",1:00,1.00,0,nearest,29.00,29.00,unbilled,""
1685520000,1685527200,2023-05-31,10:00,12:00,"MISE","MISE 3",2:00,2.00,0,nearest,29.00,58.00,unbilled,"Punto Settimanale"
1685527200,1685530800,2023-05-31,12:00,13:00,"R&D","Image Search RR8",1:00,1.00,0,nearest,29.00,29.00,unbilled,""
1685534400,1685548800,2023-05-31,14:00,18:00,"R&D","LLM",4:00,4.00,0,nearest,29.00,116.00,unbilled,""
1685602800,1685617200,2023-06-01,09:00,13:00,"NSP Org","B.Group",4:00,4.00,0,nearest,29.00,116.00,unbilled,"Preparazione DD"
1685621100,1685635500,2023-06-01,14:05,18:05,"NSP Org","B.Group",4:00,4.00,0,nearest,29.00,116.00,unbilled,"Preparazione DD"
1685689200,1685703600,2023-06-02,09:00,13:00,"Permessi","Ferie",4:00,4.00,0,nearest,,,,""
1685707500,1685721900,2023-06-02,14:05,18:05,"Permessi","Ferie",4:00,4.00,0,nearest,,,,""