unix_begin,unix_end,date,begin,end,folder,task,duration,duration_decimal,rounding_to,rounding_method,hourly_rate,revenue,billing_status,notes
1688367600,1688374800,2023-07-03,09:00,11:00,"Presale","Presale vari",2:00,2.00,0,nearest,29.00,58.00,unbilled,"Progress"
1688374800,1688378400,2023-07-03,11:00,12:00,"NH","SoLongevity",1:00,1.00,0,nearest,29.00,29.00,unbilled,"HNP"
1688378400,1688382000,2023-07-03,12:00,13:00,"NSP Org","Allineamenti Interni",1:00,1.00,0,nearest,29.00,29.00,unbilled,"Integrazioni HS"
1688385600,1688389200,2023-07-03,14:00,15:00,"Presale","Presale vari",1:00,1.00,0,nearest,29.00,29.00,unbilled,"Proposta Aboca"
1688389200,1688392800,2023-07-03,15:00,16:00,"Presale","Presale vari",1:00,1.00,0,nearest,29.00,29.00,unbilled,"Diapharma"
1688392800,1688400000,2023-07-03,16:00,18:00,"R&D","LLM",2:00,2.00,0,nearest,29.00,58.00,unbilled,""
1688454000,1688461200,2023-07-04,09:00,11:00,"R&D","LLM",2:00,2.00,0,nearest,29.00,58.00,unbilled,""
1688461200,1688464800,2023-07-04,11:00,12:00,"NSP AI","Organizzazione NSP AI",1:00,1.00,0,nearest,29.00,29.00,unbilled,"Yonder website"
1688464800,1688468400,2023-07-04,12:00,13:00,"Presale","Presale vari",1:00,1.00,0,nearest,29.00,29.00,unbilled,"Strategic"
1688472000,1688475600,2023-07-04,14:00,15:00,"Presale","Presale vari",1:00,1.00,0,nearest,29.00,29.00,unbilled,"Sorgenia"
1688475600,1688482800,2023-07-04,15:00,17:00,"NH","SoLongevity",2:00,2.00,0,nearest,29.00,58.00,unbilled,"Ematochimici, infrastruttura, vari"
1688482800,1688486400,2023-07-04,17:00,18:00,"NSP Org","Allineamenti Interni",1:00,1.00,0,nearest,29.00,29.00,unbilled,"Call Lachezar (per HS team)"
1688540400,1688544000,2023-07-05,09:00,10:00,"NSP Org","Allineamenti Interni",1:00,1.00,0,nearest,29.00,29.00,unbilled,"Debrief Lachezar (per HS team)"
1688544000,1688551200,2023-07-05,10:00,12:00,"MISE","MISE 3",2:00,2.00,0,nearest,29.00,58.00,unbilled,""
1688551200,1688554800,2023-07-05,12:00,13:00,"NSP Org","Allineamenti Interni",1:00,1.00,0,nearest,29.00,29.00,unbilled,"Allocazione WK"
1688558400,1688572800,2023-07-05,14:00,18:00,"NH","SoLongevity",4:00,4.00,0,nearest,29.00,116.00,unbilled,"Meeting Milano da cliente"
1688626800,1688630400,2023-07-06,09:00,10:00,"Presale","Presale vari",1:00,1.00,0,nearest,29.00,29.00,unbilled,"Startup con Biolatti"
1688630400,1688637600,2023-07-06,10:00,12:00,"Presale","Presale vari",2:00,2.00,0,nearest,29.00,58.00,unbilled,"TeamSystem"
1688637600,1688641200,2023-07-06,12:00,13:00,"NH","Team NH",1:00,1.00,0,nearest,29.00,29.00,unbilled,"Organizzazione"
1688644800,1688652000,2023-07-06,14:00,16:00,"NH","SinApp",2:00,2.00,0,nearest,29.00,58.00,unbilled,"Bolzano"
1688652000,1688659200,2023-07-06,16:00,18:00,"NSP Org","Allineamenti Interni",2:00,2.00,0,nearest,29.00,58.00,unbilled,"Allocazione WK"
1688713200,1688727600,2023-07-07,09:00,13:00,"Permessi","Ferie",4:00,4.00,0,nearest,,,,""
1688731200,1688745600,2023-07-07,14:00,18:00,"Permessi","Ferie",4:00,4.00,0,nearest,,,,""