unix_begin,unix_end,date,begin,end,folder,task,duration,duration_decimal,rounding_to,rounding_method,hourly_rate,revenue,billing_status,notes
1689577200,1689580800,2023-07-17,09:00,10:00,"NSP IT","Progress IT",1:00,1.00,0,nearest,29.00,29.00,unbilled,"Mitsubishi"
1689580800,1689584400,2023-07-17,10:00,11:00,"NSP Org","Allineamenti Interni",1:00,1.00,0,nearest,29.00,29.00,unbilled,"Team Integrazione"
1689584400,1689588000,2023-07-17,11:00,12:00,"Presale","Presale vari",1:00,1.00,0,nearest,29.00,29.00,unbilled,""
1689588000,1689591600,2023-07-17,12:00,13:00,"Presale","Presale vari",1:00,1.00,0,nearest,29.00,29.00,unbilled,"Presale con MAINE"
1689595200,1689602400,2023-07-17,14:00,16:00,"NSP Org","Allineamenti Interni",2:00,2.00,0,nearest,29.00,58.00,unbilled,"Organizzazione team "
1689602400,1689609600,2023-07-17,16:00,18:00,"NSP IT","Progress IT",2:00,2.00,0,nearest,29.00,58.00,unbilled,"Casini IT"
1689663600,1689678000,2023-07-18,09:00,13:00,"NSP Org","Allineamenti Interni",4:00,4.00,0,nearest,29.00,116.00,unbilled,""
1689681600,1689696000,2023-07-18,14:00,18:00,"NSP Org","Allineamenti Interni",4:00,4.00,0,nearest,29.00,116.00,unbilled,""
1689750000,1689753600,2023-07-19,09:00,10:00,"NH","Presale NH",1:00,1.00,0,nearest,29.00,29.00,unbilled,"Update vari"
1689753600,1689760800,2023-07-19,10:00,12:00,"MISE","MISE 3",2:00,2.00,0,nearest,29.00,58.00,unbilled,""
1689760800,1689764400,2023-07-19,12:00,13:00,"Presale","Presale vari",1:00,1.00,0,nearest,29.00,29.00,unbilled,"Quotazione iFixxit"
1689768000,1689771600,2023-07-19,14:00,15:00,"Presale","Presale vari",1:00,1.00,0,nearest,29.00,29.00,unbilled,"Esselunga"
1689771600,1689778800,2023-07-19,15:00,17:00,"Presale","Presale vari",2:00,2.00,0,nearest,29.00,58.00,unbilled,"Andersen"
1689778800,1689782400,2023-07-19,17:00,18:00,"NSP AI","Organizzazione Sales AI",1:00,1.00,0,nearest,29.00,29.00,unbilled,"Update con Yonder"
1689836400,1689843600,2023-07-20,09:00,11:00,"NH","Presale NH",2:00,2.00,0,nearest,29.00,58.00,unbilled,"NHP"
1689843600,1689847200,2023-07-20,11:00,12:00,"Presale","Presale vari",1:00,1.00,0,nearest,29.00,29.00,unbilled,"Aggiornamento attività UniCal"
1689847200,1689850800,2023-07-20,12:00,13:00,"Presale","Presale vari",1:00,1.00,0,nearest,29.00,29.00,unbilled,"Update AWS con TeamSystem"
1689854400,1689861600,2023-07-20,14:00,16:00,"NH","Presale NH",2:00,2.00,0,nearest,29.00,58.00,unbilled,"Digital Checkup HSR"
1689861600,1689868800,2023-07-20,16:00,18:00,"NH","Presale NH",2:00,2.00,0,nearest,29.00,58.00,unbilled,"Luiss Medical NSPH"
1689922800,1689933600,2023-07-21,09:00,12:00,"R&D","LLM",3:00,3.00,0,nearest,29.00,87.00,unbilled,""
1689933600,1689937200,2023-07-21,12:00,13:00,"NSP IT","Progress IT",1:00,1.00,0,nearest,29.00,29.00,unbilled,"Confronto con Vodafone"
1689940800,1689944400,2023-07-21,14:00,15:00,"NSP IT","Progress IT",1:00,1.00,0,nearest,29.00,29.00,unbilled,"DNS ComPVter"
1689944400,1689948000,2023-07-21,15:00,16:00,"NSP Org","B.Group",1:00,1.00,0,nearest,29.00,29.00,unbilled,""
1689948000,1689955200,2023-07-21,16:00,18:00,"Presale","Presale vari",2:00,2.00,0,nearest,29.00,58.00,unbilled,"Preparazione TeamSystem"