unix_begin,unix_end,date,begin,end,folder,task,duration,duration_decimal,rounding_to,rounding_method,hourly_rate,revenue,billing_status,notes
1675065600,1675066500,2023-01-30,09:00,09:15,"Neoscogen","Progress Neoscogen",0:15,0.25,0,nearest,29.00,7.25,unbilled,""
1675066500,1675069200,2023-01-30,09:15,10:00,"NSP IT","Gitlab",0:45,0.75,0,nearest,29.00,21.75,unbilled,""
1675069200,1675072800,2023-01-30,10:00,11:00,"NSP IT","Progress IT",1:00,1.00,0,nearest,29.00,29.00,unbilled,""
1675072800,1675080000,2023-01-30,11:00,13:00,"NSP AI","Organizzazione NSP AI",2:00,2.00,0,nearest,29.00,58.00,unbilled,""
1675083600,1675087200,2023-01-30,14:00,15:00,"MISE / MISE Tourism Cloud","Preparazione SAL conclusivo",1:00,1.00,0,nearest,29.00,29.00,unbilled,""
1675087200,1675090800,2023-01-30,15:00,16:00,"NSP AI","Organizzazione NSP AI",1:00,1.00,0,nearest,29.00,29.00,unbilled,"Conta delle spazzole"
1675090800,1675094400,2023-01-30,16:00,17:00,"MISE","MISE4",1:00,1.00,0,nearest,29.00,29.00,unbilled,""
1675094400,1675098000,2023-01-30,17:00,18:00,"Presale","Nippon Gases",1:00,1.00,0,nearest,29.00,29.00,unbilled,""
1675152000,1675155600,2023-01-31,09:00,10:00,"NSP IT","Progress IT",1:00,1.00,0,nearest,29.00,29.00,unbilled,""
1675155600,1675159200,2023-01-31,10:00,11:00,"Presale","CEFLA",1:00,1.00,0,nearest,29.00,29.00,unbilled,""
1675159200,1675166400,2023-01-31,11:00,13:00,"MISE / MISE Tourism Cloud","Preparazione SAL conclusivo",2:00,2.00,0,nearest,29.00,58.00,unbilled,""
1675170000,1675184400,2023-01-31,14:00,18:00,"MISE / MISE Tourism Cloud","Preparazione SAL conclusivo",4:00,4.00,0,nearest,29.00,116.00,unbilled,""
1675238400,1675242000,2023-02-01,09:00,10:00,"Neoscogen","Progress Neoscogen",1:00,1.00,0,nearest,29.00,29.00,unbilled,"Con Dario"
1675242000,1675245600,2023-02-01,10:00,11:00,"NSP IT","AWS Partnership",1:00,1.00,0,nearest,29.00,29.00,unbilled,""
1675245600,1675249200,2023-02-01,11:00,12:00,"Neoscogen","Progress Neoscogen",1:00,1.00,0,nearest,29.00,29.00,unbilled,"Diego"
1675249200,1675252800,2023-02-01,12:00,13:00,"Presale","Trenord",1:00,1.00,0,nearest,29.00,29.00,unbilled,"Preparazione "
1675256400,1675260000,2023-02-01,14:00,15:00,"NH","Prodotto",1:00,1.00,0,nearest,29.00,29.00,billed,""
1675260000,1675263600,2023-02-01,15:00,16:00,"Presale","Trenord",1:00,1.00,0,nearest,29.00,29.00,billed,"Meeting"
1675263600,1675270800,2023-02-01,16:00,18:00,"NSP AI","Organizzazione NSP AI",2:00,2.00,0,nearest,29.00,58.00,billed,""
1675324800,1675330200,2023-02-02,09:00,10:30,"NSP IT","Progress IT",1:30,1.50,0,nearest,29.00,43.50,unbilled,""
1675330200,1675339200,2023-02-02,10:30,13:00,"MISE / MISE Tourism Cloud","Preparazione SAL conclusivo",2:30,2.50,0,nearest,29.00,72.50,unbilled,""
1675342800,1675344600,2023-02-02,14:00,14:30,"NSP IT","Progress IT",0:30,0.50,0,nearest,29.00,14.50,unbilled,"Punto con Angelo"
1675344600,1675348200,2023-02-02,14:30,15:30,"WizKey","WizKey Management",1:00,1.00,0,nearest,29.00,29.00,unbilled,""
1675348200,1675353600,2023-02-02,15:30,17:00,"NSP Org","Allineamenti Interni",1:30,1.50,0,nearest,29.00,43.50,unbilled,"Call con Juri"
1675353600,1675357200,2023-02-02,17:00,18:00,"Presale","Oganizzazione Presale",1:00,1.00,0,nearest,29.00,29.00,unbilled,""
1675411200,1675413000,2023-02-03,09:00,09:30,"NH","Prodotto",0:30,0.50,0,nearest,29.00,14.50,unbilled,""
1675413000,1675416600,2023-02-03,09:30,10:30,"Presale","KIKO",1:00,1.00,0,nearest,29.00,29.00,unbilled,""
1675416600,1675425600,2023-02-03,10:30,13:00,"MISE / MISE Tourism Cloud","Preparazione SAL conclusivo",2:30,2.50,0,nearest,29.00,72.50,unbilled,""
1675429200,1675432800,2023-02-03,14:00,15:00,"NSP AI","Organizzazione NSP AI",1:00,1.00,0,nearest,29.00,29.00,unbilled,""
1675432800,1675436400,2023-02-03,15:00,16:00,"NSP IT","Formazione Team IT",1:00,1.00,0,nearest,29.00,29.00,unbilled,""
1675436400,1675440000,2023-02-03,16:00,17:00,"Neoscogen","Progress Neoscogen",1:00,1.00,0,nearest,29.00,29.00,unbilled,"Call con Davide Barba"
1675440000,1675443600,2023-02-03,17:00,18:00,"R&D","Chatbot avatar 3D",1:00,1.00,0,nearest,29.00,29.00,unbilled,""