unix_begin,unix_end,date,begin,end,folder,task,duration,duration_decimal,rounding_to,rounding_method,hourly_rate,revenue,billing_status,notes
1676880000,1676883600,2023-02-20,09:00,10:00,"Neoscogen","Progress Neoscogen",1:00,1.00,0,nearest,29.00,29.00,unbilled,""
1676883600,1676887200,2023-02-20,10:00,11:00,"NSP IT","Progress IT",1:00,1.00,0,nearest,29.00,29.00,unbilled,""
1676887200,1676890800,2023-02-20,11:00,12:00,"Presale","Nippon Gases",1:00,1.00,0,nearest,29.00,29.00,unbilled,""
1676890800,1676894400,2023-02-20,12:00,13:00,"NSP IT","Progress IT",1:00,1.00,0,nearest,29.00,29.00,unbilled,""
1676898000,1676905200,2023-02-20,14:00,16:00,"AWS Hero","ServerlessMeetup",2:00,2.00,0,nearest,,,,""
1676905200,1676912400,2023-02-20,16:00,18:00,"NSP AI","Organizzazione NSP AI",2:00,2.00,0,nearest,29.00,58.00,unbilled,""
1676966400,1676970000,2023-02-21,09:00,10:00,"NSP IT","Progress IT",1:00,1.00,0,nearest,29.00,29.00,unbilled,""
1676970000,1676973600,2023-02-21,10:00,11:00,"R&D","Recommender RR8",1:00,1.00,0,nearest,29.00,29.00,unbilled,""
1676973600,1676977200,2023-02-21,11:00,12:00,"NSP IT","Progress IT",1:00,1.00,0,nearest,29.00,29.00,unbilled,"Spaliamo letame"
1676977200,1676980800,2023-02-21,12:00,13:00,"NSP Org","Allineamenti Interni",1:00,1.00,0,nearest,29.00,29.00,unbilled,""
1676984400,1676988000,2023-02-21,14:00,15:00,"NSP Org","Allineamenti Interni",1:00,1.00,0,nearest,29.00,29.00,unbilled,""
1676988000,1676991600,2023-02-21,15:00,16:00,"NSP AI","Organizzazione NSP AI",1:00,1.00,0,nearest,29.00,29.00,unbilled,"Incontro con GS per bilancino AI"
1676991600,1676998800,2023-02-21,16:00,18:00,"NSP Org","Housekeeping",2:00,2.00,0,nearest,29.00,58.00,unbilled,""
1677052800,1677056400,2023-02-22,09:00,10:00,"NSP AI","Organizzazione NSP AI",1:00,1.00,0,nearest,29.00,29.00,unbilled,""
1677056400,1677060000,2023-02-22,10:00,11:00,"NH","NH IPO",1:00,1.00,0,nearest,29.00,29.00,unbilled,""
1677060000,1677067200,2023-02-22,11:00,13:00,"NSP AI","Organizzazione NSP AI",2:00,2.00,0,nearest,29.00,58.00,unbilled,"Sistemato Notion"
1677070800,1677074400,2023-02-22,14:00,15:00,"NH","Prodotto",1:00,1.00,0,nearest,29.00,29.00,unbilled,""
1677074400,1677078000,2023-02-22,15:00,16:00,"Presale","Nippon Gases",1:00,1.00,0,nearest,29.00,29.00,unbilled,""
1677078000,1677085200,2023-02-22,16:00,18:00,"NH","SinApp",2:00,2.00,0,nearest,29.00,58.00,unbilled,""
1677139200,1677153600,2023-02-23,09:00,13:00,"","Ferie",4:00,4.00,0,nearest,,,,""
1677157200,1677160800,2023-02-23,14:00,15:00,"Presale","PopSo",1:00,1.00,0,nearest,29.00,29.00,unbilled,""
1677160800,1677164400,2023-02-23,15:00,16:00,"NSP IT","Progress IT",1:00,1.00,0,nearest,29.00,29.00,unbilled,"Analisi Leapp"
1677164400,1677168000,2023-02-23,16:00,17:00,"Neoscogen","A2A",1:00,1.00,0,nearest,29.00,29.00,unbilled,""
1677168000,1677171600,2023-02-23,17:00,18:00,"MISE / MISE Tourism Cloud","Preparazione SAL conclusivo",1:00,1.00,0,nearest,29.00,29.00,unbilled,""
1677225600,1677229200,2023-02-24,09:00,10:00,"Presale","Nippon Gases",1:00,1.00,0,nearest,29.00,29.00,unbilled,""
1677229200,1677232800,2023-02-24,10:00,11:00,"NH","Prodotto",1:00,1.00,0,nearest,29.00,29.00,unbilled,""
1677232800,1677240000,2023-02-24,11:00,13:00,"WizKey","WizKey Management",2:00,2.00,0,nearest,29.00,58.00,unbilled,""
1677243600,1677254400,2023-02-24,14:00,17:00,"NSP AI","Organizzazione NSP AI",3:00,3.00,0,nearest,29.00,87.00,unbilled,""
1677254400,1677258000,2023-02-24,17:00,18:00,"NSP Org","Housekeeping",1:00,1.00,0,nearest,29.00,29.00,unbilled,""