unix_begin,unix_end,date,begin,end,folder,task,duration,duration_decimal,rounding_to,rounding_method,hourly_rate,revenue,billing_status,notes
1691391600,1691406000,2023-08-07,09:00,13:00,"Permessi","Ferie",4:00,4.00,0,nearest,,,,""
1691409600,1691424000,2023-08-07,14:00,18:00,"Permessi","Ferie",4:00,4.00,0,nearest,,,,""
1691478000,1691492400,2023-08-08,09:00,13:00,"Permessi","Ferie",4:00,4.00,0,nearest,,,,""
1691496000,1691510400,2023-08-08,14:00,18:00,"Permessi","Ferie",4:00,4.00,0,nearest,,,,""
1691564400,1691578800,2023-08-09,09:00,13:00,"Permessi","Ferie",4:00,4.00,0,nearest,,,,""
1691582400,1691596800,2023-08-09,14:00,18:00,"Permessi","Ferie",4:00,4.00,0,nearest,,,,""
1691650800,1691665200,2023-08-10,09:00,13:00,"Permessi","Ferie",4:00,4.00,0,nearest,,,,""
1691668800,1691683200,2023-08-10,14:00,18:00,"Permessi","Ferie",4:00,4.00,0,nearest,,,,""
1691737200,1691751600,2023-08-11,09:00,13:00,"Permessi","Ferie",4:00,4.00,0,nearest,,,,""
1691755200,1691769600,2023-08-11,14:00,18:00,"Permessi","Ferie",4:00,4.00,0,nearest,,,,""