unix_begin,unix_end,date,begin,end,folder,task,duration,duration_decimal,rounding_to,rounding_method,hourly_rate,revenue,billing_status,notes
1687762800,1687768200,2023-06-26,09:00,10:30,"Presale","Oganizzazione Presale",1:30,1.50,0,nearest,29.00,43.50,unbilled,"Progress Commerciale"
1687768200,1687771800,2023-06-26,10:30,11:30,"Projects","Castelli",1:00,1.00,0,nearest,,,,"Kick off interno"
1687771800,1687777200,2023-06-26,11:30,13:00,"NSP Org","Allineamenti Interni",1:30,1.50,0,nearest,29.00,43.50,unbilled,"Update GS"
1687780800,1687786200,2023-06-26,14:00,15:30,"NSP Org","Allineamenti Interni",1:30,1.50,0,nearest,29.00,43.50,unbilled,"Update Dario"
1687786200,1687795200,2023-06-26,15:30,18:00,"R&D","LLM",2:30,2.50,0,nearest,29.00,72.50,unbilled,""
1687849200,1687856400,2023-06-27,09:00,11:00,"NSP AI","Organizzazione NSP AI",2:00,2.00,0,nearest,29.00,58.00,unbilled,"Gestione Team"
1687856400,1687863600,2023-06-27,11:00,13:00,"Projects","Castelli",2:00,2.00,0,nearest,,,,"Kick off interno"
1687867200,1687874400,2023-06-27,14:00,16:00,"NSP Org","Allineamenti Interni",2:00,2.00,0,nearest,29.00,58.00,unbilled,"Visita medica"
1687874400,1687881600,2023-06-27,16:00,18:00,"R&D","LLM",2:00,2.00,0,nearest,29.00,58.00,unbilled,""
1687935600,1687950000,2023-06-28,09:00,13:00,"Presale","Presale vari",4:00,4.00,0,nearest,29.00,116.00,unbilled,"TeamSystem"
1687953600,1687968000,2023-06-28,14:00,18:00,"Presale","Presale vari",4:00,4.00,0,nearest,29.00,116.00,unbilled,"Andersen, NH, AI e Kering"
1688022000,1688025600,2023-06-29,09:00,10:00,"NSP Org","Allineamenti Interni",1:00,1.00,0,nearest,29.00,29.00,unbilled,"Update Patrizia per RR8"
1688025600,1688036400,2023-06-29,10:00,13:00,"R&D","LLM",3:00,3.00,0,nearest,29.00,87.00,unbilled,""
1688040000,1688054400,2023-06-29,14:00,18:00,"R&D","LLM",4:00,4.00,0,nearest,29.00,116.00,unbilled,""