unix_begin,unix_end,date,begin,end,folder,task,duration,duration_decimal,rounding_to,rounding_method,hourly_rate,revenue,billing_status,notes
1677657600,1677661200,2023-03-01,09:00,10:00,"NH","Prodotto",1:00,1.00,0,nearest,29.00,29.00,unbilled,"Gestione utenti NH"
1677661200,1677664800,2023-03-01,10:00,11:00,"NSP AI","PopSo",1:00,1.00,0,nearest,29.00,29.00,unbilled,""
1677664800,1677670200,2023-03-01,11:00,12:30,"NH","SoLongevity",1:30,1.50,0,nearest,29.00,43.50,unbilled,""
1677673800,1677677400,2023-03-01,13:30,14:30,"MISE / MISE Tourism Cloud","Preparazione SAL conclusivo",1:00,1.00,0,nearest,29.00,29.00,unbilled,""
1677677400,1677681000,2023-03-01,14:30,15:30,"NSP Org","Allineamenti Interni",1:00,1.00,0,nearest,29.00,29.00,unbilled,""
1677681000,1677684600,2023-03-01,15:30,16:30,"MISE / MISE Tourism Cloud","Preparazione SAL conclusivo",1:00,1.00,0,nearest,29.00,29.00,unbilled,""
1677684600,1677690000,2023-03-01,16:30,18:00,"AWS Hero","Live",1:30,1.50,0,nearest,,,,""
1677744000,1677747600,2023-03-02,09:00,10:00,"NH","NH IPO",1:00,1.00,0,nearest,29.00,29.00,unbilled,""
1677747600,1677751200,2023-03-02,10:00,11:00,"NSP Org","Housekeeping",1:00,1.00,0,nearest,29.00,29.00,unbilled,"Call Con GS"
1677751200,1677754800,2023-03-02,11:00,12:00,"NSP Org","Housekeeping",1:00,1.00,0,nearest,29.00,29.00,unbilled,"Offering NSP"
1677754800,1677758400,2023-03-02,12:00,13:00,"NH","Presale NH",1:00,1.00,0,nearest,29.00,29.00,unbilled,"Dubai"
1677762000,1677765600,2023-03-02,14:00,15:00,"NH","Presale NH",1:00,1.00,0,nearest,29.00,29.00,unbilled,"Dubai"
1677765600,1677772800,2023-03-02,15:00,17:00,"WizKey","WizKey Management",2:00,2.00,0,nearest,29.00,58.00,unbilled,"Wizkey societaria"
1677772800,1677776400,2023-03-02,17:00,18:00,"R&D","Sofia",1:00,1.00,0,nearest,29.00,29.00,unbilled,"Call con Diego"
1677830400,1677837600,2023-03-03,09:00,11:00,"NSP Org","Allineamenti Interni",2:00,2.00,0,nearest,29.00,58.00,unbilled,"Processo fatturazione Process Innovation - Processo Sales Mevis"
1677837600,1677841200,2023-03-03,11:00,12:00,"Neoscogen","Organizzazione Neoscogen",1:00,1.00,0,nearest,29.00,29.00,unbilled,"Beghe Neoscogen con Luigi"
1677841200,1677844800,2023-03-03,12:00,13:00,"NSP AI","Organizzazione NSP AI",1:00,1.00,0,nearest,29.00,29.00,unbilled,""
1677848400,1677862800,2023-03-03,14:00,18:00,"NSP AI","Organizzazione NSP AI",4:00,4.00,0,nearest,29.00,116.00,unbilled,""
1678089600,1678093200,2023-03-06,09:00,10:00,"R&D","Sofia",1:00,1.00,0,nearest,29.00,29.00,unbilled,""
1678093200,1678096800,2023-03-06,10:00,11:00,"NSP AI","Organizzazione NSP AI",1:00,1.00,0,nearest,29.00,29.00,unbilled,""
1678096800,1678102200,2023-03-06,11:00,12:30,"WizKey","WizKey Management",1:30,1.50,0,nearest,29.00,43.50,unbilled,"CdA straordinario"
1678102200,1678104000,2023-03-06,12:30,13:00,"R&D","Sofia",0:30,0.50,0,nearest,29.00,14.50,unbilled,""
1678107600,1678111200,2023-03-06,14:00,15:00,"NH","SoLongevity",1:00,1.00,0,nearest,29.00,29.00,unbilled,"Cargopooling"
1678111200,1678113000,2023-03-06,15:00,15:30,"NH","NH IPO",0:30,0.50,0,nearest,29.00,14.50,unbilled,""
1678113000,1678118400,2023-03-06,15:30,17:00,"MISE / MISE Tourism Cloud","Preparazione SAL conclusivo",1:30,1.50,0,nearest,29.00,43.50,unbilled,""
1678118400,1678120200,2023-03-06,17:00,17:30,"MISE / MISE Tourism Cloud","Preparazione SAL conclusivo",0:30,0.50,0,nearest,29.00,14.50,unbilled,"DPA"
1678120200,1678122000,2023-03-06,17:30,18:00,"AWS Hero","Heroes update",0:30,0.50,0,nearest,,,,""
1678176000,1678179600,2023-03-07,09:00,10:00,"Presale","BNP Paribas",1:00,1.00,0,nearest,29.00,29.00,unbilled,""
1678179600,1678183200,2023-03-07,10:00,11:00,"MISE / MISE Tourism Cloud","Preparazione SAL conclusivo",1:00,1.00,0,nearest,29.00,29.00,unbilled,""
1678183200,1678190400,2023-03-07,11:00,13:00,"NSP AI","PopSo",2:00,2.00,0,nearest,29.00,58.00,unbilled,""
1678194000,1678201200,2023-03-07,14:00,16:00,"NSP Org","Allineamenti Interni",2:00,2.00,0,nearest,29.00,58.00,unbilled,"Presentazione RR8"
1678201200,1678204800,2023-03-07,16:00,17:00,"NH","NH IPO",1:00,1.00,0,nearest,29.00,29.00,unbilled,"AI per IPO"
1678204800,1678208400,2023-03-07,17:00,18:00,"MISE / MISE Tourism Cloud","Preparazione SAL conclusivo",1:00,1.00,0,nearest,29.00,29.00,unbilled,""
1678262400,1678266000,2023-03-08,09:00,10:00,"WizKey","WizKey Management",1:00,1.00,0,nearest,29.00,29.00,unbilled,""
1678266000,1678276800,2023-03-08,10:00,13:00,"MISE / MISE Tourism Cloud","Preparazione SAL conclusivo",3:00,3.00,0,nearest,29.00,87.00,unbilled,""
1678280400,1678294800,2023-03-08,14:00,18:00,"MISE / MISE Tourism Cloud","Preparazione SAL conclusivo",4:00,4.00,0,nearest,29.00,116.00,unbilled,""
1678348800,1678352400,2023-03-09,09:00,10:00,"WizKey","WizKey Management",1:00,1.00,0,nearest,29.00,29.00,unbilled,""
1678352400,1678356000,2023-03-09,10:00,11:00,"WizKey","WizKey Management",1:00,1.00,0,nearest,29.00,29.00,unbilled,"cda"
1678356000,1678359600,2023-03-09,11:00,12:00,"WizKey","WizKey Management",1:00,1.00,0,nearest,29.00,29.00,unbilled,""
1678359600,1678363200,2023-03-09,12:00,13:00,"Neoscogen","A2A",1:00,1.00,0,nearest,29.00,29.00,unbilled,"conti"
1678366800,1678381200,2023-03-09,14:00,18:00,"","Ferie",4:00,4.00,0,nearest,,,,""
1678435200,1678438800,2023-03-10,09:00,10:00,"WizKey","WizKey Management",1:00,1.00,0,nearest,29.00,29.00,unbilled,""
1678438800,1678442400,2023-03-10,10:00,11:00,"NH","SinApp",1:00,1.00,0,nearest,29.00,29.00,unbilled,""
1678442400,1678446000,2023-03-10,11:00,12:00,"WizKey","WizKey Management",1:00,1.00,0,nearest,29.00,29.00,unbilled,""
1678446000,1678449600,2023-03-10,12:00,13:00,"NSP AI","Organizzazione NSP AI",1:00,1.00,0,nearest,29.00,29.00,unbilled,""
1678453200,1678460400,2023-03-10,14:00,16:00,"NSP AI","Organizzazione NSP AI",2:00,2.00,0,nearest,29.00,58.00,unbilled,""
1678460400,1678467600,2023-03-10,16:00,18:00,"WizKey","WizKey Management",2:00,2.00,0,nearest,29.00,58.00,unbilled,""
1678694400,1678708800,2023-03-13,09:00,13:00,"","Ferie",4:00,4.00,0,nearest,,,,""
1678712400,1678719600,2023-03-13,14:00,16:00,"NSP AI","Organizzazione NSP AI",2:00,2.00,0,nearest,29.00,58.00,unbilled,""
1678719600,1678726800,2023-03-13,16:00,18:00,"MISE / MISE Tourism Cloud","Preparazione SAL conclusivo",2:00,2.00,0,nearest,29.00,58.00,unbilled,""
1678780800,1678784400,2023-03-14,09:00,10:00,"NH","SinApp",1:00,1.00,0,nearest,29.00,29.00,unbilled,"kickoff"
1678784400,1678788000,2023-03-14,10:00,11:00,"Presale","Sofia (presale)",1:00,1.00,0,nearest,29.00,29.00,unbilled,""
1678788000,1678795200,2023-03-14,11:00,13:00,"NSP AI","PopSo",2:00,2.00,0,nearest,29.00,58.00,unbilled,""
1678798800,1678802400,2023-03-14,14:00,15:00,"NH","NH IPO",1:00,1.00,0,nearest,29.00,29.00,unbilled,""
1678802400,1678809600,2023-03-14,15:00,17:00,"Presale","Sofia (presale)",2:00,2.00,0,nearest,29.00,58.00,unbilled,"Chatbot Elibra"
1678809600,1678813200,2023-03-14,17:00,18:00,"Presale","Valentino",1:00,1.00,0,nearest,29.00,29.00,unbilled,"Preparazione Slide"
1678867200,1678881600,2023-03-15,09:00,13:00,"NH","Presale NH",4:00,4.00,0,nearest,29.00,116.00,unbilled,"Ospedale Cremona"
1678885200,1678888800,2023-03-15,14:00,15:00,"Presale","Valentino",1:00,1.00,0,nearest,29.00,29.00,unbilled,""
1678888800,1678892400,2023-03-15,15:00,16:00,"Presale","Nippon Gases",1:00,1.00,0,nearest,29.00,29.00,unbilled,""
1678892400,1678896000,2023-03-15,16:00,17:00,"Presale","Valentino",1:00,1.00,0,nearest,29.00,29.00,unbilled,""
1678896000,1678899600,2023-03-15,17:00,18:00,"NSP AI","Organizzazione Sales AI",1:00,1.00,0,nearest,29.00,29.00,unbilled,""
1678953600,1678968000,2023-03-16,09:00,13:00,"AWS Hero","Webday",4:00,4.00,0,nearest,,,,""
1678971600,1678986000,2023-03-16,14:00,18:00,"AWS Hero","Webday",4:00,4.00,0,nearest,,,,""
1679299200,1679313600,2023-03-20,09:00,13:00,"","Ferie",4:00,4.00,0,nearest,,,,""
1679317200,1679331600,2023-03-20,14:00,18:00,"","Ferie",4:00,4.00,0,nearest,,,,""
1679385600,1679392800,2023-03-21,09:00,11:00,"NSP AI","Organizzazione NSP AI",2:00,2.00,0,nearest,29.00,58.00,unbilled,""
1679392800,1679400000,2023-03-21,11:00,13:00,"MISE / MISE Tourism Cloud","Preparazione SAL conclusivo",2:00,2.00,0,nearest,29.00,58.00,unbilled,""
1679403600,1679407200,2023-03-21,14:00,15:00,"Presale","Valentino",1:00,1.00,0,nearest,29.00,29.00,unbilled,""
1679407200,1679410800,2023-03-21,15:00,16:00,"NSP AI","PopSo",1:00,1.00,0,nearest,29.00,29.00,unbilled,""
1679410800,1679418000,2023-03-21,16:00,18:00,"MISE / MISE Tourism Cloud","Preparazione SAL conclusivo",2:00,2.00,0,nearest,29.00,58.00,unbilled,""
1679472000,1679479200,2023-03-22,09:00,11:00,"NSP IT","Progress IT",2:00,2.00,0,nearest,29.00,58.00,unbilled,""
1679479200,1679486400,2023-03-22,11:00,13:00,"R&D","LLM",2:00,2.00,0,nearest,29.00,58.00,unbilled,""
1679490000,1679497200,2023-03-22,14:00,16:00,"Presale","Presale vari",2:00,2.00,0,nearest,29.00,58.00,unbilled,""
1679497200,1679504400,2023-03-22,16:00,18:00,"MISE / MISE Tourism Cloud","Preparazione SAL conclusivo",2:00,2.00,0,nearest,29.00,58.00,unbilled,""
1679558400,1679572800,2023-03-23,09:00,13:00,"MISE / MISE Tourism Cloud","Preparazione SAL conclusivo",4:00,4.00,0,nearest,29.00,116.00,unbilled,""
1679576400,1679590800,2023-03-23,14:00,18:00,"MISE / MISE Tourism Cloud","Preparazione SAL conclusivo",4:00,4.00,0,nearest,29.00,116.00,unbilled,""
1679644800,1679659200,2023-03-24,09:00,13:00,"MISE / MISE Tourism Cloud","Preparazione SAL conclusivo",4:00,4.00,0,nearest,29.00,116.00,unbilled,""
1679662800,1679677200,2023-03-24,14:00,18:00,"MISE / MISE Tourism Cloud","Preparazione SAL conclusivo",4:00,4.00,0,nearest,29.00,116.00,unbilled,""
1679900400,1679907600,2023-03-27,09:00,11:00,"NSP AI","Organizzazione NSP AI",2:00,2.00,0,nearest,29.00,58.00,unbilled,""
1679907600,1679914800,2023-03-27,11:00,13:00,"Presale","KIKO",2:00,2.00,0,nearest,29.00,58.00,unbilled,""
1679918400,1679922000,2023-03-27,14:00,15:00,"NSP Org","Housekeeping",1:00,1.00,0,nearest,29.00,29.00,unbilled,""
1679922000,1679925600,2023-03-27,15:00,16:00,"Presale","Valentino",1:00,1.00,0,nearest,29.00,29.00,unbilled,""
1679925600,1679932800,2023-03-27,16:00,18:00,"Presale","Valentino",2:00,2.00,0,nearest,29.00,58.00,unbilled,""
1679986800,1680001200,2023-03-28,09:00,13:00,"MISE / MISE Tourism Cloud","Preparazione SAL conclusivo",4:00,4.00,0,nearest,29.00,116.00,unbilled,""
1680004800,1680019200,2023-03-28,14:00,18:00,"MISE / MISE Tourism Cloud","Preparazione SAL conclusivo",4:00,4.00,0,nearest,29.00,116.00,unbilled,""
1680073200,1680078600,2023-03-29,09:00,10:30,"NSP Org","Housekeeping",1:30,1.50,0,nearest,29.00,43.50,unbilled,""
1680078600,1680082200,2023-03-29,10:30,11:30,"Neoscogen","Organizzazione Neoscogen",1:00,1.00,0,nearest,29.00,29.00,unbilled,"CdA"
1680082200,1680089400,2023-03-29,11:30,13:30,"Presale","Oganizzazione Presale",2:00,2.00,0,nearest,29.00,58.00,unbilled,"Incontro AWS"
1680093000,1680107400,2023-03-29,14:30,18:30,"Presale","Oganizzazione Presale",4:00,4.00,0,nearest,29.00,116.00,unbilled,"Incontro AWS"
1680159600,1680166800,2023-03-30,09:00,11:00,"MISE / MISE Tourism Cloud","Preparazione SAL conclusivo",2:00,2.00,0,nearest,29.00,58.00,unbilled,""
1680166800,1680174000,2023-03-30,11:00,13:00,"Presale","1001 - sale bingo",2:00,2.00,0,nearest,29.00,58.00,unbilled,""
1680177600,1680192000,2023-03-30,14:00,18:00,"MISE / MISE Tourism Cloud","Preparazione SAL conclusivo",4:00,4.00,0,nearest,29.00,116.00,unbilled,""
1680246000,1680260400,2023-03-31,09:00,13:00,"MISE / MISE Tourism Cloud","Preparazione SAL conclusivo",4:00,4.00,0,nearest,29.00,116.00,unbilled,""
1680264000,1680278400,2023-03-31,14:00,18:00,"MISE / MISE Tourism Cloud","Preparazione SAL conclusivo",4:00,4.00,0,nearest,29.00,116.00,unbilled,""