unix_begin,unix_end,date,begin,end,folder,task,duration,duration_decimal,rounding_to,rounding_method,hourly_rate,revenue,billing_status,notes
1678694400,1678708800,2023-03-13,09:00,13:00,"","Ferie",4:00,4.00,0,nearest,,,,""
1678712400,1678719600,2023-03-13,14:00,16:00,"NSP AI","Organizzazione NSP AI",2:00,2.00,0,nearest,29.00,58.00,unbilled,""
1678719600,1678726800,2023-03-13,16:00,18:00,"MISE / MISE Tourism Cloud","Preparazione SAL conclusivo",2:00,2.00,0,nearest,29.00,58.00,unbilled,""
1678780800,1678784400,2023-03-14,09:00,10:00,"NH","SinApp",1:00,1.00,0,nearest,29.00,29.00,unbilled,"kickoff"
1678784400,1678788000,2023-03-14,10:00,11:00,"Presale","Sofia (presale)",1:00,1.00,0,nearest,29.00,29.00,unbilled,""
1678788000,1678795200,2023-03-14,11:00,13:00,"NSP AI","PopSo",2:00,2.00,0,nearest,29.00,58.00,unbilled,""
1678798800,1678802400,2023-03-14,14:00,15:00,"NH","NH IPO",1:00,1.00,0,nearest,29.00,29.00,unbilled,""
1678802400,1678809600,2023-03-14,15:00,17:00,"Presale","Sofia (presale)",2:00,2.00,0,nearest,29.00,58.00,unbilled,"Chatbot Elibra"
1678809600,1678813200,2023-03-14,17:00,18:00,"Presale","Valentino",1:00,1.00,0,nearest,29.00,29.00,unbilled,"Preparazione Slide"
1678867200,1678881600,2023-03-15,09:00,13:00,"NH","Presale NH",4:00,4.00,0,nearest,29.00,116.00,unbilled,"Ospedale Cremona"
1678885200,1678888800,2023-03-15,14:00,15:00,"Presale","Valentino",1:00,1.00,0,nearest,29.00,29.00,unbilled,""
1678888800,1678892400,2023-03-15,15:00,16:00,"Presale","Nippon Gases",1:00,1.00,0,nearest,29.00,29.00,unbilled,""
1678892400,1678896000,2023-03-15,16:00,17:00,"Presale","Valentino",1:00,1.00,0,nearest,29.00,29.00,unbilled,""
1678896000,1678899600,2023-03-15,17:00,18:00,"NSP AI","Organizzazione Sales AI",1:00,1.00,0,nearest,29.00,29.00,unbilled,""
1678953600,1678968000,2023-03-16,09:00,13:00,"AWS Hero","Webday",4:00,4.00,0,nearest,,,,""
1678971600,1678986000,2023-03-16,14:00,18:00,"AWS Hero","Webday",4:00,4.00,0,nearest,,,,""
1679040000,1679041800,2023-03-17,09:00,09:30,"NH","Presale NH",0:30,0.50,0,nearest,29.00,14.50,unbilled,"Progress"
1679041800,1679052600,2023-03-17,09:30,12:30,"Presale","Trenord",3:00,3.00,0,nearest,29.00,87.00,unbilled,""
1679052600,1679056200,2023-03-17,12:30,13:30,"Presale","Valentino",1:00,1.00,0,nearest,29.00,29.00,unbilled,"Preparazione offerta"
1679059800,1679072400,2023-03-17,14:30,18:00,"Presale","Presale vari",3:30,3.50,0,nearest,29.00,101.50,unbilled,"Allineamento ElisaTomova, Call FDO, preparazione materiale"