unix_begin,unix_end,date,begin,end,folder,task,duration,duration_decimal,rounding_to,rounding_method,hourly_rate,revenue,billing_status,notes
1675238400,1675242000,2023-02-01,09:00,10:00,"Neoscogen","Progress Neoscogen",1:00,1.00,0,nearest,29.00,29.00,unbilled,"Con Dario"
1675242000,1675245600,2023-02-01,10:00,11:00,"NSP IT","AWS Partnership",1:00,1.00,0,nearest,29.00,29.00,unbilled,""
1675245600,1675249200,2023-02-01,11:00,12:00,"Neoscogen","Progress Neoscogen",1:00,1.00,0,nearest,29.00,29.00,unbilled,"Diego"
1675249200,1675252800,2023-02-01,12:00,13:00,"Presale","Trenord",1:00,1.00,0,nearest,29.00,29.00,unbilled,"Preparazione "
1675256400,1675260000,2023-02-01,14:00,15:00,"NH","Prodotto",1:00,1.00,0,nearest,29.00,29.00,billed,""
1675260000,1675263600,2023-02-01,15:00,16:00,"Presale","Trenord",1:00,1.00,0,nearest,29.00,29.00,billed,"Meeting"
1675263600,1675270800,2023-02-01,16:00,18:00,"NSP AI","Organizzazione NSP AI",2:00,2.00,0,nearest,29.00,58.00,billed,""
1675324800,1675330200,2023-02-02,09:00,10:30,"NSP IT","Progress IT",1:30,1.50,0,nearest,29.00,43.50,unbilled,""
1675330200,1675339200,2023-02-02,10:30,13:00,"MISE / MISE Tourism Cloud","Preparazione SAL conclusivo",2:30,2.50,0,nearest,29.00,72.50,unbilled,""
1675342800,1675344600,2023-02-02,14:00,14:30,"NSP IT","Progress IT",0:30,0.50,0,nearest,29.00,14.50,unbilled,"Punto con Angelo"
1675344600,1675348200,2023-02-02,14:30,15:30,"WizKey","WizKey Management",1:00,1.00,0,nearest,29.00,29.00,unbilled,""
1675348200,1675353600,2023-02-02,15:30,17:00,"NSP Org","Allineamenti Interni",1:30,1.50,0,nearest,29.00,43.50,unbilled,"Call con Juri"
1675353600,1675357200,2023-02-02,17:00,18:00,"Presale","Oganizzazione Presale",1:00,1.00,0,nearest,29.00,29.00,unbilled,""
1675411200,1675413000,2023-02-03,09:00,09:30,"NH","Prodotto",0:30,0.50,0,nearest,29.00,14.50,unbilled,""
1675413000,1675416600,2023-02-03,09:30,10:30,"Presale","KIKO",1:00,1.00,0,nearest,29.00,29.00,unbilled,""
1675416600,1675425600,2023-02-03,10:30,13:00,"MISE / MISE Tourism Cloud","Preparazione SAL conclusivo",2:30,2.50,0,nearest,29.00,72.50,unbilled,""
1675429200,1675432800,2023-02-03,14:00,15:00,"NSP AI","Organizzazione NSP AI",1:00,1.00,0,nearest,29.00,29.00,unbilled,""
1675432800,1675436400,2023-02-03,15:00,16:00,"NSP IT","Formazione Team IT",1:00,1.00,0,nearest,29.00,29.00,unbilled,""
1675436400,1675440000,2023-02-03,16:00,17:00,"Neoscogen","Progress Neoscogen",1:00,1.00,0,nearest,29.00,29.00,unbilled,"Call con Davide Barba"
1675440000,1675443600,2023-02-03,17:00,18:00,"R&D","Chatbot avatar 3D",1:00,1.00,0,nearest,29.00,29.00,unbilled,""
1675670400,1675674000,2023-02-06,09:00,10:00,"Neoscogen","Progress Neoscogen",1:00,1.00,0,nearest,29.00,29.00,unbilled,""
1675674000,1675677600,2023-02-06,10:00,11:00,"Presale","PopSo",1:00,1.00,0,nearest,29.00,29.00,unbilled,""
1675677600,1675681200,2023-02-06,11:00,12:00,"NSP Org","Allineamenti Interni",1:00,1.00,0,nearest,29.00,29.00,unbilled,"Call con Luigi"
1675681200,1675684800,2023-02-06,12:00,13:00,"Presale","PopSo",1:00,1.00,0,nearest,29.00,29.00,unbilled,""
1675688400,1675695600,2023-02-06,14:00,16:00,"Presale","KIKO",2:00,2.00,0,nearest,29.00,58.00,unbilled,"Preparazione slide PeopleAnalytics per KIKI"
1675695600,1675699200,2023-02-06,16:00,17:00,"Presale","KIKO",1:00,1.00,0,nearest,29.00,29.00,unbilled,""
1675699200,1675702800,2023-02-06,17:00,18:00,"MISE","MISE 3",1:00,1.00,0,nearest,29.00,29.00,unbilled,""
1675756800,1675760400,2023-02-07,09:00,10:00,"Presale","PopSo",1:00,1.00,0,nearest,29.00,29.00,unbilled,""
1675760400,1675764000,2023-02-07,10:00,11:00,"NSP IT","Progress IT",1:00,1.00,0,nearest,29.00,29.00,unbilled,""
1675764000,1675771200,2023-02-07,11:00,13:00,"MISE","MISE 3",2:00,2.00,0,nearest,29.00,58.00,unbilled,""
1675774800,1675782000,2023-02-07,14:00,16:00,"MISE","MISE 3",2:00,2.00,0,nearest,29.00,58.00,unbilled,""
1675782000,1675785600,2023-02-07,16:00,17:00,"R&D","Sofia",1:00,1.00,0,nearest,29.00,29.00,unbilled,""
1675785600,1675789200,2023-02-07,17:00,18:00,"MISE","MISE 3",1:00,1.00,0,nearest,29.00,29.00,unbilled,""
1675843200,1675846800,2023-02-08,09:00,10:00,"WizKey","WizKey Management",1:00,1.00,0,nearest,29.00,29.00,unbilled,"Gestione societaria"
1675846800,1675850400,2023-02-08,10:00,11:00,"NSP Org","Allineamenti Interni",1:00,1.00,0,nearest,29.00,29.00,unbilled,"Punto progetti interni"
1675850400,1675854000,2023-02-08,11:00,12:00,"Presale","Iren Energia",1:00,1.00,0,nearest,29.00,29.00,unbilled,""
1675854000,1675857600,2023-02-08,12:00,13:00,"NSP IT","Progress IT",1:00,1.00,0,nearest,29.00,29.00,unbilled,""
1675861200,1675864800,2023-02-08,14:00,15:00,"NH","Prodotto",1:00,1.00,0,nearest,29.00,29.00,unbilled,""
1675864800,1675875600,2023-02-08,15:00,18:00,"MISE","MISE 3",3:00,3.00,0,nearest,29.00,87.00,unbilled,""
1675929600,1675933200,2023-02-09,09:00,10:00,"Presale","Hippo",1:00,1.00,0,nearest,29.00,29.00,unbilled,""
1675933200,1675940400,2023-02-09,10:00,12:00,"R&D","AI Assistant",2:00,2.00,0,nearest,29.00,58.00,unbilled,""
1675940400,1675944000,2023-02-09,12:00,13:00,"NH","SoLongevity",1:00,1.00,0,nearest,29.00,29.00,unbilled,""
1675947600,1675954800,2023-02-09,14:00,16:00,"R&D","AI Assistant",2:00,2.00,0,nearest,29.00,58.00,unbilled,""
1675954800,1675960200,2023-02-09,16:00,17:30,"Presale","Cedacri",1:30,1.50,0,nearest,29.00,43.50,unbilled,""
1675960200,1675962000,2023-02-09,17:30,18:00,"NSP Org","Housekeeping",0:30,0.50,0,nearest,29.00,14.50,unbilled,""
1676016000,1676019600,2023-02-10,09:00,10:00,"NH","Prodotto",1:00,1.00,0,nearest,29.00,29.00,unbilled,""
1676019600,1676030400,2023-02-10,10:00,13:00,"","Ferie",3:00,3.00,0,nearest,,,,""
1676034000,1676048400,2023-02-10,14:00,18:00,"","Ferie",4:00,4.00,0,nearest,,,,""
1676273400,1676277000,2023-02-13,08:30,09:30,"Neoscogen","Progress Neoscogen",1:00,1.00,0,nearest,29.00,29.00,unbilled,""
1676277000,1676287800,2023-02-13,09:30,12:30,"","Ferie",3:00,3.00,0,nearest,,,,""
1676293200,1676307600,2023-02-13,14:00,18:00,"","Ferie",4:00,4.00,0,nearest,,,,""
1676361600,1676365200,2023-02-14,09:00,10:00,"AWS Hero","Webday",1:00,1.00,0,nearest,,,,""
1676365200,1676368800,2023-02-14,10:00,11:00,"NSP IT","Progress IT",1:00,1.00,0,nearest,29.00,29.00,unbilled,""
1676368800,1676376000,2023-02-14,11:00,13:00,"NSP AI","Organizzazione NSP AI",2:00,2.00,0,nearest,29.00,58.00,unbilled,"Progress AI"
1676379600,1676383200,2023-02-14,14:00,15:00,"AWS Hero","Webday",1:00,1.00,0,nearest,,,,"Update Ballista"
1676383200,1676390400,2023-02-14,15:00,17:00,"NSP AI","Organizzazione NSP AI",2:00,2.00,0,nearest,29.00,58.00,unbilled,""
1676390400,1676394000,2023-02-14,17:00,18:00,"MISE / MISE Tourism Cloud","Preparazione SAL conclusivo",1:00,1.00,0,nearest,29.00,29.00,unbilled,""
1676448000,1676455200,2023-02-15,09:00,11:00,"R&D","Sofia",2:00,2.00,0,nearest,29.00,58.00,unbilled,""
1676455200,1676462400,2023-02-15,11:00,13:00,"NH","Prodotto",2:00,2.00,0,nearest,29.00,58.00,unbilled,""
1676466000,1676480400,2023-02-15,14:00,18:00,"R&D","Chatbot avatar 3D",4:00,4.00,0,nearest,29.00,116.00,unbilled,""
1676534400,1676538000,2023-02-16,09:00,10:00,"MISE / MISE Tourism Cloud","Preparazione SAL conclusivo",1:00,1.00,0,nearest,29.00,29.00,unbilled,"Reqlity Plus"
1676538000,1676541600,2023-02-16,10:00,11:00,"MISE / MISE Tourism Cloud","Preparazione SAL conclusivo",1:00,1.00,0,nearest,29.00,29.00,unbilled,"Update"
1676541600,1676545200,2023-02-16,11:00,12:00,"Presale","Valsabbia / Secoval",1:00,1.00,0,nearest,29.00,29.00,unbilled,""
1676545200,1676548800,2023-02-16,12:00,13:00,"WizKey","WizKey Management",1:00,1.00,0,nearest,29.00,29.00,unbilled,""
1676552400,1676566800,2023-02-16,14:00,18:00,"Presale","KIKO",4:00,4.00,0,nearest,29.00,116.00,unbilled,""
1676620800,1676628000,2023-02-17,09:00,11:00,"NH","Prodotto",2:00,2.00,0,nearest,29.00,58.00,unbilled,""
1676628000,1676635200,2023-02-17,11:00,13:00,"R&D","Chatbot avatar 3D",2:00,2.00,0,nearest,29.00,58.00,unbilled,""
1676638800,1676653200,2023-02-17,14:00,18:00,"R&D","Chatbot avatar 3D",4:00,4.00,0,nearest,29.00,116.00,unbilled,""
1676880000,1676883600,2023-02-20,09:00,10:00,"Neoscogen","Progress Neoscogen",1:00,1.00,0,nearest,29.00,29.00,unbilled,""
1676883600,1676887200,2023-02-20,10:00,11:00,"NSP IT","Progress IT",1:00,1.00,0,nearest,29.00,29.00,unbilled,""
1676887200,1676890800,2023-02-20,11:00,12:00,"Presale","Nippon Gases",1:00,1.00,0,nearest,29.00,29.00,unbilled,""
1676890800,1676894400,2023-02-20,12:00,13:00,"NSP IT","Progress IT",1:00,1.00,0,nearest,29.00,29.00,unbilled,""
1676898000,1676905200,2023-02-20,14:00,16:00,"AWS Hero","ServerlessMeetup",2:00,2.00,0,nearest,,,,""
1676905200,1676912400,2023-02-20,16:00,18:00,"NSP AI","Organizzazione NSP AI",2:00,2.00,0,nearest,29.00,58.00,unbilled,""
1676966400,1676970000,2023-02-21,09:00,10:00,"NSP IT","Progress IT",1:00,1.00,0,nearest,29.00,29.00,unbilled,""
1676970000,1676973600,2023-02-21,10:00,11:00,"R&D","Recommender RR8",1:00,1.00,0,nearest,29.00,29.00,unbilled,""
1676973600,1676977200,2023-02-21,11:00,12:00,"NSP IT","Progress IT",1:00,1.00,0,nearest,29.00,29.00,unbilled,"Spaliamo letame"
1676977200,1676980800,2023-02-21,12:00,13:00,"NSP Org","Allineamenti Interni",1:00,1.00,0,nearest,29.00,29.00,unbilled,""
1676984400,1676988000,2023-02-21,14:00,15:00,"NSP Org","Allineamenti Interni",1:00,1.00,0,nearest,29.00,29.00,unbilled,""
1676988000,1676991600,2023-02-21,15:00,16:00,"NSP AI","Organizzazione NSP AI",1:00,1.00,0,nearest,29.00,29.00,unbilled,"Incontro con GS per bilancino AI"
1676991600,1676998800,2023-02-21,16:00,18:00,"NSP Org","Housekeeping",2:00,2.00,0,nearest,29.00,58.00,unbilled,""
1677052800,1677056400,2023-02-22,09:00,10:00,"NSP AI","Organizzazione NSP AI",1:00,1.00,0,nearest,29.00,29.00,unbilled,""
1677056400,1677060000,2023-02-22,10:00,11:00,"NH","NH IPO",1:00,1.00,0,nearest,29.00,29.00,unbilled,""
1677060000,1677067200,2023-02-22,11:00,13:00,"NSP AI","Organizzazione NSP AI",2:00,2.00,0,nearest,29.00,58.00,unbilled,"Sistemato Notion"
1677070800,1677074400,2023-02-22,14:00,15:00,"NH","Prodotto",1:00,1.00,0,nearest,29.00,29.00,unbilled,""
1677074400,1677078000,2023-02-22,15:00,16:00,"Presale","Nippon Gases",1:00,1.00,0,nearest,29.00,29.00,unbilled,""
1677078000,1677085200,2023-02-22,16:00,18:00,"NH","SinApp",2:00,2.00,0,nearest,29.00,58.00,unbilled,""
1677139200,1677153600,2023-02-23,09:00,13:00,"","Ferie",4:00,4.00,0,nearest,,,,""
1677157200,1677160800,2023-02-23,14:00,15:00,"Presale","PopSo",1:00,1.00,0,nearest,29.00,29.00,unbilled,""
1677160800,1677164400,2023-02-23,15:00,16:00,"NSP IT","Progress IT",1:00,1.00,0,nearest,29.00,29.00,unbilled,"Analisi Leapp"
1677164400,1677168000,2023-02-23,16:00,17:00,"Neoscogen","A2A",1:00,1.00,0,nearest,29.00,29.00,unbilled,""
1677168000,1677171600,2023-02-23,17:00,18:00,"MISE / MISE Tourism Cloud","Preparazione SAL conclusivo",1:00,1.00,0,nearest,29.00,29.00,unbilled,""
1677225600,1677229200,2023-02-24,09:00,10:00,"Presale","Nippon Gases",1:00,1.00,0,nearest,29.00,29.00,unbilled,""
1677229200,1677232800,2023-02-24,10:00,11:00,"NH","Prodotto",1:00,1.00,0,nearest,29.00,29.00,unbilled,""
1677232800,1677240000,2023-02-24,11:00,13:00,"WizKey","WizKey Management",2:00,2.00,0,nearest,29.00,58.00,unbilled,""
1677243600,1677254400,2023-02-24,14:00,17:00,"NSP AI","Organizzazione NSP AI",3:00,3.00,0,nearest,29.00,87.00,unbilled,""
1677254400,1677258000,2023-02-24,17:00,18:00,"NSP Org","Housekeeping",1:00,1.00,0,nearest,29.00,29.00,unbilled,""
1677481200,1677484800,2023-02-27,08:00,09:00,"R&D","Chatbot avatar 3D",1:00,1.00,0,nearest,29.00,29.00,unbilled,""
1677488400,1677492000,2023-02-27,10:00,11:00,"NSP AI","Organizzazione NSP AI",1:00,1.00,0,nearest,29.00,29.00,unbilled,""
1677492000,1677495600,2023-02-27,11:00,12:00,"NSP Org","Allineamenti Interni",1:00,1.00,0,nearest,29.00,29.00,unbilled,"Con Pasquale Mazzei"
1677495600,1677499200,2023-02-27,12:00,13:00,"NH","Prodotto",1:00,1.00,0,nearest,29.00,29.00,unbilled,"Serenis + Sinapp"
1677502800,1677517200,2023-02-27,14:00,18:00,"Presale","Nippon Gases",4:00,4.00,0,nearest,29.00,116.00,unbilled,""
1677571200,1677574800,2023-02-28,09:00,10:00,"NSP IT","Progress IT",1:00,1.00,0,nearest,29.00,29.00,unbilled,""
1677574800,1677585600,2023-02-28,10:00,13:00,"MISE / MISE Tourism Cloud","Preparazione SAL conclusivo",3:00,3.00,0,nearest,29.00,87.00,unbilled,""
1677589200,1677603600,2023-02-28,14:00,18:00,"MISE / MISE Tourism Cloud","Preparazione SAL conclusivo",4:00,4.00,0,nearest,29.00,116.00,unbilled,""