unix_begin,unix_end,date,begin,end,folder,task,duration,duration_decimal,rounding_to,rounding_method,hourly_rate,revenue,billing_status,notes
1676273400,1676277000,2023-02-13,08:30,09:30,"Neoscogen","Progress Neoscogen",1:00,1.00,0,nearest,29.00,29.00,unbilled,""
1676277000,1676287800,2023-02-13,09:30,12:30,"","Ferie",3:00,3.00,0,nearest,,,,""
1676293200,1676307600,2023-02-13,14:00,18:00,"","Ferie",4:00,4.00,0,nearest,,,,""
1676361600,1676365200,2023-02-14,09:00,10:00,"AWS Hero","Webday",1:00,1.00,0,nearest,,,,""
1676365200,1676368800,2023-02-14,10:00,11:00,"NSP IT","Progress IT",1:00,1.00,0,nearest,29.00,29.00,unbilled,""
1676368800,1676376000,2023-02-14,11:00,13:00,"NSP AI","Organizzazione NSP AI",2:00,2.00,0,nearest,29.00,58.00,unbilled,"Progress AI"
1676379600,1676383200,2023-02-14,14:00,15:00,"AWS Hero","Webday",1:00,1.00,0,nearest,,,,"Update Ballista"
1676383200,1676390400,2023-02-14,15:00,17:00,"NSP AI","Organizzazione NSP AI",2:00,2.00,0,nearest,29.00,58.00,unbilled,""
1676390400,1676394000,2023-02-14,17:00,18:00,"MISE / MISE Tourism Cloud","Preparazione SAL conclusivo",1:00,1.00,0,nearest,29.00,29.00,unbilled,""
1676448000,1676455200,2023-02-15,09:00,11:00,"R&D","Sofia",2:00,2.00,0,nearest,29.00,58.00,unbilled,""
1676455200,1676462400,2023-02-15,11:00,13:00,"NH","Prodotto",2:00,2.00,0,nearest,29.00,58.00,unbilled,""
1676466000,1676480400,2023-02-15,14:00,18:00,"R&D","Chatbot avatar 3D",4:00,4.00,0,nearest,29.00,116.00,unbilled,""
1676534400,1676538000,2023-02-16,09:00,10:00,"MISE / MISE Tourism Cloud","Preparazione SAL conclusivo",1:00,1.00,0,nearest,29.00,29.00,unbilled,"Reqlity Plus"
1676538000,1676541600,2023-02-16,10:00,11:00,"MISE / MISE Tourism Cloud","Preparazione SAL conclusivo",1:00,1.00,0,nearest,29.00,29.00,unbilled,"Update"
1676541600,1676545200,2023-02-16,11:00,12:00,"Presale","Valsabbia / Secoval",1:00,1.00,0,nearest,29.00,29.00,unbilled,""
1676545200,1676548800,2023-02-16,12:00,13:00,"WizKey","WizKey Management",1:00,1.00,0,nearest,29.00,29.00,unbilled,""
1676552400,1676566800,2023-02-16,14:00,18:00,"Presale","KIKO",4:00,4.00,0,nearest,29.00,116.00,unbilled,""
1676620800,1676628000,2023-02-17,09:00,11:00,"NH","Prodotto",2:00,2.00,0,nearest,29.00,58.00,unbilled,""
1676628000,1676635200,2023-02-17,11:00,13:00,"R&D","Chatbot avatar 3D",2:00,2.00,0,nearest,29.00,58.00,unbilled,""
1676638800,1676653200,2023-02-17,14:00,18:00,"R&D","Chatbot avatar 3D",4:00,4.00,0,nearest,29.00,116.00,unbilled,""