unix_begin,unix_end,date,begin,end,folder,task,duration,duration_decimal,rounding_to,rounding_method,hourly_rate,revenue,billing_status,notes
1691996400,1692010800,2023-08-14,09:00,13:00,"Permessi","Ferie",4:00,4.00,0,nearest,,,,""
1692014400,1692028800,2023-08-14,14:00,18:00,"Permessi","Ferie",4:00,4.00,0,nearest,,,,""
1692082800,1692097200,2023-08-15,09:00,13:00,"Permessi","Ferie",4:00,4.00,0,nearest,,,,""
1692100800,1692115200,2023-08-15,14:00,18:00,"Permessi","Ferie",4:00,4.00,0,nearest,,,,""
1692169200,1692183600,2023-08-16,09:00,13:00,"Permessi","Ferie",4:00,4.00,0,nearest,,,,""
1692187200,1692201600,2023-08-16,14:00,18:00,"Permessi","Ferie",4:00,4.00,0,nearest,,,,""
1692255600,1692270000,2023-08-17,09:00,13:00,"Permessi","Ferie",4:00,4.00,0,nearest,,,,""
1692273600,1692288000,2023-08-17,14:00,18:00,"Permessi","Ferie",4:00,4.00,0,nearest,,,,""
1692342000,1692356400,2023-08-18,09:00,13:00,"Permessi","Ferie",4:00,4.00,0,nearest,,,,""
1692360000,1692374400,2023-08-18,14:00,18:00,"Permessi","Ferie",4:00,4.00,0,nearest,,,,""