unix_begin,unix_end,date,begin,end,folder,task,duration,duration_decimal,rounding_to,rounding_method,hourly_rate,revenue,billing_status,notes
1686553200,1686567600,2023-06-12,09:00,13:00,"NSP Org","B.Group",4:00,4.00,0,nearest,29.00,116.00,unbilled,"Preparazione DD"
1686571200,1686585600,2023-06-12,14:00,18:00,"NSP Org","B.Group",4:00,4.00,0,nearest,29.00,116.00,unbilled,"Preparazione DD"
1686639600,1686654000,2023-06-13,09:00,13:00,"NSP Org","B.Group",4:00,4.00,0,nearest,29.00,116.00,unbilled,"Preparazione DD"
1686657600,1686672000,2023-06-13,14:00,18:00,"NSP Org","B.Group",4:00,4.00,0,nearest,29.00,116.00,unbilled,"Preparazione DD"
1686726000,1686729600,2023-06-14,09:00,10:00,"NH","Team NH",1:00,1.00,0,nearest,29.00,29.00,unbilled,""
1686729600,1686736800,2023-06-14,10:00,12:00,"MISE","MISE 3",2:00,2.00,0,nearest,29.00,58.00,unbilled,"Punto Settimanale"
1686736800,1686740400,2023-06-14,12:00,13:00,"NH","Prodotto",1:00,1.00,0,nearest,29.00,29.00,unbilled,""
1686744000,1686747600,2023-06-14,14:00,15:00,"NH","Team NH",1:00,1.00,0,nearest,29.00,29.00,unbilled,""
1686747600,1686751200,2023-06-14,15:00,16:00,"NH","SoLongevity",1:00,1.00,0,nearest,29.00,29.00,unbilled,"Callinterna Cornettone"
1686751200,1686758400,2023-06-14,16:00,18:00,"NH","Team NH",2:00,2.00,0,nearest,29.00,58.00,unbilled,""
1686812400,1686819600,2023-06-15,09:00,11:00,"Presale","Presale vari",2:00,2.00,0,nearest,29.00,58.00,unbilled,"Supply@me"
1686819600,1686826800,2023-06-15,11:00,13:00,"Presale","Presale vari",2:00,2.00,0,nearest,29.00,58.00,unbilled,"SoLongevity"
1686830400,1686834000,2023-06-15,14:00,15:00,"NSP IT","Gitlab",1:00,1.00,0,nearest,29.00,29.00,unbilled,""
1686834000,1686841200,2023-06-15,15:00,17:00,"R&D","LLM",2:00,2.00,0,nearest,29.00,58.00,unbilled,""
1686841200,1686844800,2023-06-15,17:00,18:00,"Presale","Presale vari",1:00,1.00,0,nearest,29.00,29.00,unbilled,"Aboca"
1686898800,1686913200,2023-06-16,09:00,13:00,"Permessi","Ferie",4:00,4.00,0,nearest,,,,"Paternity Leave"
1686916800,1686931200,2023-06-16,14:00,18:00,"Permessi","Ferie",4:00,4.00,0,nearest,,,,"Paternity Leave"