unix_begin,unix_end,date,begin,end,folder,task,duration,duration_decimal,rounding_to,rounding_method,hourly_rate,revenue,billing_status,notes
1673856000,1673859600,2023-01-16,09:00,10:00,"Neoscogen","Progress Neoscogen",1:00,1.00,0,nearest,29.00,29.00,unbilled,""
1673859600,1673870400,2023-01-16,10:00,13:00,"NSP Org","Housekeeping",3:00,3.00,0,nearest,29.00,87.00,unbilled,"Entrate e uscite dai team"
1673874000,1673888400,2023-01-16,14:00,18:00,"MISE","MISE 3",4:00,4.00,0,nearest,29.00,116.00,unbilled,""
1673942400,1673949600,2023-01-17,09:00,11:00,"Presale","Milazzo Vaccarella",2:00,2.00,0,nearest,29.00,58.00,unbilled,""
1673949600,1673953200,2023-01-17,11:00,12:00,"Neoscogen","Organizzazione Neoscogen",1:00,1.00,0,nearest,29.00,29.00,unbilled,""
1673953200,1673956800,2023-01-17,12:00,13:00,"NH","SoLongevity",1:00,1.00,0,nearest,29.00,29.00,unbilled,""
1673960400,1673967600,2023-01-17,14:00,16:00,"NSP AI","Organizzazione NSP AI",2:00,2.00,0,nearest,29.00,58.00,unbilled,""
1673967600,1673974800,2023-01-17,16:00,18:00,"NH","Presale NH",2:00,2.00,0,nearest,29.00,58.00,unbilled,""
1674028800,1674032400,2023-01-18,09:00,10:00,"WizKey","WizKey Management",1:00,1.00,0,nearest,29.00,29.00,unbilled,""
1674032400,1674039600,2023-01-18,10:00,12:00,"Neoscogen","A2A",2:00,2.00,0,nearest,29.00,58.00,unbilled,""
1674039600,1674043200,2023-01-18,12:00,13:00,"MISE","MISE 3",1:00,1.00,0,nearest,29.00,29.00,unbilled,""
1674046800,1674050400,2023-01-18,14:00,15:00,"NH","Prodotto",1:00,1.00,0,nearest,29.00,29.00,unbilled,""
1674050400,1674061200,2023-01-18,15:00,18:00,"NSP Org","Housekeeping",3:00,3.00,0,nearest,29.00,87.00,unbilled,"Tools, processo sales"
1674115200,1674118800,2023-01-19,09:00,10:00,"Presale","Milazzo Vaccarella",1:00,1.00,0,nearest,29.00,29.00,unbilled,""
1674118800,1674122400,2023-01-19,10:00,11:00,"NSP AI","Organizzazione Sales AI",1:00,1.00,0,nearest,29.00,29.00,unbilled,""
1674122400,1674126000,2023-01-19,11:00,12:00,"NSP Org","Allineamenti Interni",1:00,1.00,0,nearest,29.00,29.00,unbilled,""
1674126000,1674129600,2023-01-19,12:00,13:00,"NH","Prodotto",1:00,1.00,0,nearest,29.00,29.00,unbilled,""
1674133200,1674147600,2023-01-19,14:00,18:00,"NH","Prodotto",4:00,4.00,0,nearest,29.00,116.00,unbilled,""
1674201600,1674205200,2023-01-20,09:00,10:00,"MISE","MISE 3",1:00,1.00,0,nearest,29.00,29.00,unbilled,""
1674205200,1674208800,2023-01-20,10:00,11:00,"Presale","PopSo",1:00,1.00,0,nearest,29.00,29.00,unbilled,""
1674208800,1674216000,2023-01-20,11:00,13:00,"NSP AI","Organizzazione NSP AI",2:00,2.00,0,nearest,29.00,58.00,unbilled,""
1674219600,1674234000,2023-01-20,14:00,18:00,"WizKey","WizKey R&D",4:00,4.00,0,nearest,29.00,116.00,unbilled,""