unix_begin,unix_end,date,begin,end,folder,task,duration,duration_decimal,rounding_to,rounding_method,hourly_rate,revenue,billing_status,notes
1681714800,1681722000,2023-04-17,09:00,11:00,"Presale","Oganizzazione Presale",2:00,2.00,0,nearest,29.00,58.00,unbilled,"Assesment interni"
1681722000,1681729200,2023-04-17,11:00,13:00,"NH","Prodotto",2:00,2.00,0,nearest,29.00,58.00,unbilled,"Copilot"
1681732800,1681740000,2023-04-17,14:00,16:00,"NH","SinApp",2:00,2.00,0,nearest,29.00,58.00,unbilled,"update con NH"
1681740000,1681743600,2023-04-17,16:00,17:00,"Presale","PopSo",1:00,1.00,0,nearest,29.00,29.00,unbilled,"update"
1681743600,1681747200,2023-04-17,17:00,18:00,"R&D","Sofia",1:00,1.00,0,nearest,29.00,29.00,unbilled,"LLM"
1681801200,1681806600,2023-04-18,09:00,10:30,"NSP IT","Progress IT",1:30,1.50,0,nearest,29.00,43.50,unbilled,"SAL IT"
1681806600,1681815600,2023-04-18,10:30,13:00,"NH","Prodotto",2:30,2.50,0,nearest,29.00,72.50,unbilled,""
1681819200,1681826400,2023-04-18,14:00,16:00,"","Ferie",2:00,2.00,0,nearest,,,,"Permesso"
1681826400,1681830000,2023-04-18,16:00,17:00,"WizKey","WizKey Management",1:00,1.00,0,nearest,29.00,29.00,unbilled,"CdA informale"
1681830000,1681833600,2023-04-18,17:00,18:00,"AWS Hero","Live",1:00,1.00,0,nearest,,,,"Serverless Meetup"
1681887600,1681891200,2023-04-19,09:00,10:00,"NH","SoLongevity",1:00,1.00,0,nearest,29.00,29.00,unbilled,"Preparazione incontro"
1681891200,1681898400,2023-04-19,10:00,12:00,"MISE","MISE 3",2:00,2.00,0,nearest,29.00,58.00,unbilled,""
1681898400,1681902000,2023-04-19,12:00,13:00,"NH","SoLongevity",1:00,1.00,0,nearest,29.00,29.00,unbilled,"Incontro"
1681905600,1681914600,2023-04-19,14:00,16:30,"MISE","MISE 3",2:30,2.50,0,nearest,29.00,72.50,unbilled,""
1681914600,1681920000,2023-04-19,16:30,18:00,"Presale","Trenord",1:30,1.50,0,nearest,29.00,43.50,unbilled,"Stime"
1681974000,1681988400,2023-04-20,09:00,13:00,"","Ferie",4:00,4.00,0,nearest,,,,""
1681992000,1682006400,2023-04-20,14:00,18:00,"","Ferie",4:00,4.00,0,nearest,,,,""
1682060400,1682064000,2023-04-21,09:00,10:00,"NH","Prodotto",1:00,1.00,0,nearest,29.00,29.00,unbilled,"Preparazione FDO"
1682064000,1682074800,2023-04-21,10:00,13:00,"NSP Org","Allineamenti Interni",3:00,3.00,0,nearest,29.00,87.00,unbilled,"Rende"
1682078400,1682092800,2023-04-21,14:00,18:00,"AWS Hero","Talk",4:00,4.00,0,nearest,,,,""