unix_begin,unix_end,date,begin,end,folder,task,duration,duration_decimal,rounding_to,rounding_method,hourly_rate,revenue,billing_status,notes
1684738800,1684749600,2023-05-22,09:00,12:00,"NSP Org","Allineamenti Interni",3:00,3.00,0,nearest,29.00,87.00,unbilled,""
1684749600,1684753200,2023-05-22,12:00,13:00,"NH","Presale NH",1:00,1.00,0,nearest,29.00,29.00,unbilled,"Interna Team System"
1684756800,1684771200,2023-05-22,14:00,18:00,"NH","Presale NH",4:00,4.00,0,nearest,29.00,116.00,unbilled,"Incontro Beond"
1684825200,1684828800,2023-05-23,09:00,10:00,"NSP AI","Organizzazione NSP AI",1:00,1.00,0,nearest,29.00,29.00,unbilled,""
1684828800,1684836000,2023-05-23,10:00,12:00,"WizKey","WizKey Management",2:00,2.00,0,nearest,29.00,58.00,unbilled,""
1684836000,1684839600,2023-05-23,12:00,13:00,"R&D","Image Search RR8",1:00,1.00,0,nearest,29.00,29.00,unbilled,""
1684843200,1684854000,2023-05-23,14:00,17:00,"NH","Prodotto",3:00,3.00,0,nearest,29.00,87.00,unbilled,"HealthGPT"
1684854000,1684857600,2023-05-23,17:00,18:00,"NSP IT","Progress IT",1:00,1.00,0,nearest,29.00,29.00,unbilled,""
1684911600,1684915200,2023-05-24,09:00,10:00,"Presale","Nippon Gases",1:00,1.00,0,nearest,29.00,29.00,unbilled,"Kickoff"
1684915200,1684922400,2023-05-24,10:00,12:00,"MISE","MISE 3",2:00,2.00,0,nearest,29.00,58.00,unbilled,""
1684922400,1684926000,2023-05-24,12:00,13:00,"NH","NH IPO",1:00,1.00,0,nearest,29.00,29.00,unbilled,"Progress"
1684929600,1684936800,2023-05-24,14:00,16:00,"Permessi","Ferie",2:00,2.00,0,nearest,,,,""
1684936800,1684944000,2023-05-24,16:00,18:00,"NH","Presale NH",2:00,2.00,0,nearest,29.00,58.00,unbilled,"FoodSupplementGenius"
1684998000,1685012400,2023-05-25,09:00,13:00,"Presale","Presale vari",4:00,4.00,0,nearest,29.00,116.00,unbilled,""
1685016000,1685023200,2023-05-25,14:00,16:00,"NSP Org","Allineamenti Interni",2:00,2.00,0,nearest,29.00,58.00,unbilled,"Update Dottorato"
1685023200,1685030400,2023-05-25,16:00,18:00,"NSP IT","Gitlab",2:00,2.00,0,nearest,29.00,58.00,unbilled,""
1685084400,1685088000,2023-05-26,09:00,10:00,"NH","Team NH",1:00,1.00,0,nearest,29.00,29.00,unbilled,"Progress"
1685088000,1685095200,2023-05-26,10:00,12:00,"NH","Presale NH",2:00,2.00,0,nearest,29.00,58.00,unbilled,"PS Bolzano"
1685095200,1685098800,2023-05-26,12:00,13:00,"R&D","Chatbot avatar 3D",1:00,1.00,0,nearest,29.00,29.00,unbilled,"Chatbot per sito NSP"
1685102400,1685109600,2023-05-26,14:00,16:00,"Presale","Presale vari",2:00,2.00,0,nearest,29.00,58.00,unbilled,"Presale vari, Workup, MyTi"
1685109600,1685116800,2023-05-26,16:00,18:00,"R&D","LLM",2:00,2.00,0,nearest,29.00,58.00,unbilled,""