unix_begin,unix_end,date,begin,end,folder,task,duration,duration_decimal,rounding_to,rounding_method,hourly_rate,revenue,billing_status,notes
1690786800,1690801200,2023-07-31,09:00,13:00,"Permessi","Ferie",4:00,4.00,0,nearest,,,,""
1690804800,1690819200,2023-07-31,14:00,18:00,"Permessi","Ferie",4:00,4.00,0,nearest,,,,""
1690873200,1690887600,2023-08-01,09:00,13:00,"Permessi","Ferie",4:00,4.00,0,nearest,,,,""
1690891200,1690905600,2023-08-01,14:00,18:00,"Permessi","Ferie",4:00,4.00,0,nearest,,,,""
1690959600,1690963200,2023-08-02,09:00,10:00,"NSP IT","Progress IT",1:00,1.00,0,nearest,29.00,29.00,unbilled,""
1690963200,1690974000,2023-08-02,10:00,13:00,"AWS Hero","Heroes update",3:00,3.00,0,nearest,,,,"CloudDay"
1690977600,1690984800,2023-08-02,14:00,16:00,"Presale","Presale vari",2:00,2.00,0,nearest,29.00,58.00,unbilled,"Andersen"
1690984800,1690988400,2023-08-02,16:00,17:00,"NSP AI","Organizzazione NSP AI",1:00,1.00,0,nearest,29.00,29.00,unbilled,""
1690988400,1690992000,2023-08-02,17:00,18:00,"NSP AI","Organizzazione Sales AI",1:00,1.00,0,nearest,29.00,29.00,unbilled,"SAL commerciale"
1691046000,1691049600,2023-08-03,09:00,10:00,"NSP Org","Allineamenti Interni",1:00,1.00,0,nearest,29.00,29.00,unbilled,"SAL Team Integrazione"
1691049600,1691056800,2023-08-03,10:00,12:00,"Presale","Presale vari",2:00,2.00,0,nearest,29.00,58.00,unbilled,"TeamSystem"
1691056800,1691060400,2023-08-03,12:00,13:00,"NSP AI","Organizzazione NSP AI",1:00,1.00,0,nearest,29.00,29.00,unbilled,""
1691064000,1691067600,2023-08-03,14:00,15:00,"Presale","Presale vari",1:00,1.00,0,nearest,29.00,29.00,unbilled,"Natuzzi"
1691067600,1691078400,2023-08-03,15:00,18:00,"NSP Org","Housekeeping",3:00,3.00,0,nearest,29.00,87.00,unbilled,"Chiusura attività pre-ferie"
1691132400,1691136000,2023-08-04,09:00,10:00,"NH","Team NH",1:00,1.00,0,nearest,29.00,29.00,unbilled,"Progress NH"
1691136000,1691139600,2023-08-04,10:00,11:00,"NH","Team NH",1:00,1.00,0,nearest,29.00,29.00,unbilled,"Meeting con E. Cerquaglia"
1691139600,1691146800,2023-08-04,11:00,13:00,"NSP Org","Allineamenti Interni",2:00,2.00,0,nearest,29.00,58.00,unbilled,"Meeting con L. Linotto"
1691150400,1691164800,2023-08-04,14:00,18:00,"NSP Org","Housekeeping",4:00,4.00,0,nearest,29.00,116.00,unbilled,"Chiusura attività pre-ferie"