unix_begin,unix_end,date,begin,end,folder,task,duration,duration_decimal,rounding_to,rounding_method,hourly_rate,revenue,billing_status,notes
1675670400,1675674000,2023-02-06,09:00,10:00,"Neoscogen","Progress Neoscogen",1:00,1.00,0,nearest,29.00,29.00,unbilled,""
1675674000,1675677600,2023-02-06,10:00,11:00,"Presale","PopSo",1:00,1.00,0,nearest,29.00,29.00,unbilled,""
1675677600,1675681200,2023-02-06,11:00,12:00,"NSP Org","Allineamenti Interni",1:00,1.00,0,nearest,29.00,29.00,unbilled,"Call con Luigi"
1675681200,1675684800,2023-02-06,12:00,13:00,"Presale","PopSo",1:00,1.00,0,nearest,29.00,29.00,unbilled,""
1675688400,1675695600,2023-02-06,14:00,16:00,"Presale","KIKO",2:00,2.00,0,nearest,29.00,58.00,unbilled,"Preparazione slide PeopleAnalytics per KIKI"
1675695600,1675699200,2023-02-06,16:00,17:00,"Presale","KIKO",1:00,1.00,0,nearest,29.00,29.00,unbilled,""
1675699200,1675702800,2023-02-06,17:00,18:00,"MISE","MISE 3",1:00,1.00,0,nearest,29.00,29.00,unbilled,""
1675756800,1675760400,2023-02-07,09:00,10:00,"Presale","PopSo",1:00,1.00,0,nearest,29.00,29.00,unbilled,""
1675760400,1675764000,2023-02-07,10:00,11:00,"NSP IT","Progress IT",1:00,1.00,0,nearest,29.00,29.00,unbilled,""
1675764000,1675771200,2023-02-07,11:00,13:00,"MISE","MISE 3",2:00,2.00,0,nearest,29.00,58.00,unbilled,""
1675774800,1675782000,2023-02-07,14:00,16:00,"MISE","MISE 3",2:00,2.00,0,nearest,29.00,58.00,unbilled,""
1675782000,1675785600,2023-02-07,16:00,17:00,"R&D","Sofia",1:00,1.00,0,nearest,29.00,29.00,unbilled,""
1675785600,1675789200,2023-02-07,17:00,18:00,"MISE","MISE 3",1:00,1.00,0,nearest,29.00,29.00,unbilled,""
1675843200,1675846800,2023-02-08,09:00,10:00,"WizKey","WizKey Management",1:00,1.00,0,nearest,29.00,29.00,unbilled,"Gestione societaria"
1675846800,1675850400,2023-02-08,10:00,11:00,"NSP Org","Allineamenti Interni",1:00,1.00,0,nearest,29.00,29.00,unbilled,"Punto progetti interni"
1675850400,1675854000,2023-02-08,11:00,12:00,"Presale","Iren Energia",1:00,1.00,0,nearest,29.00,29.00,unbilled,""
1675854000,1675857600,2023-02-08,12:00,13:00,"NSP IT","Progress IT",1:00,1.00,0,nearest,29.00,29.00,unbilled,""
1675861200,1675864800,2023-02-08,14:00,15:00,"NH","Prodotto",1:00,1.00,0,nearest,29.00,29.00,unbilled,""
1675864800,1675875600,2023-02-08,15:00,18:00,"MISE","MISE 3",3:00,3.00,0,nearest,29.00,87.00,unbilled,""
1675929600,1675933200,2023-02-09,09:00,10:00,"Presale","Hippo",1:00,1.00,0,nearest,29.00,29.00,unbilled,""
1675933200,1675940400,2023-02-09,10:00,12:00,"R&D","AI Assistant",2:00,2.00,0,nearest,29.00,58.00,unbilled,""
1675940400,1675944000,2023-02-09,12:00,13:00,"NH","SoLongevity",1:00,1.00,0,nearest,29.00,29.00,unbilled,""
1675947600,1675954800,2023-02-09,14:00,16:00,"R&D","AI Assistant",2:00,2.00,0,nearest,29.00,58.00,unbilled,""
1675954800,1675960200,2023-02-09,16:00,17:30,"Presale","Cedacri",1:30,1.50,0,nearest,29.00,43.50,unbilled,""
1675960200,1675962000,2023-02-09,17:30,18:00,"NSP Org","Housekeeping",0:30,0.50,0,nearest,29.00,14.50,unbilled,""
1676016000,1676019600,2023-02-10,09:00,10:00,"NH","Prodotto",1:00,1.00,0,nearest,29.00,29.00,unbilled,""
1676019600,1676030400,2023-02-10,10:00,13:00,"","Ferie",3:00,3.00,0,nearest,,,,""
1676034000,1676048400,2023-02-10,14:00,18:00,"","Ferie",4:00,4.00,0,nearest,,,,""