unix_begin,unix_end,date,begin,end,folder,task,duration,duration_decimal,rounding_to,rounding_method,hourly_rate,revenue,billing_status,notes
1682319600,1682334000,2023-04-24,09:00,13:00,"","Ferie",4:00,4.00,0,nearest,,,,""
1682337600,1682352000,2023-04-24,14:00,18:00,"","Ferie",4:00,4.00,0,nearest,,,,""
1682492400,1682497800,2023-04-26,09:00,10:30,"NSP IT","Progress IT",1:30,1.50,0,nearest,29.00,43.50,unbilled,""
1682497800,1682499600,2023-04-26,10:30,11:00,"NSP IT","AWS Partnership",0:30,0.50,0,nearest,29.00,14.50,unbilled,""
1682499600,1682506800,2023-04-26,11:00,13:00,"NH","Prodotto",2:00,2.00,0,nearest,29.00,58.00,unbilled,"Architettura prodotto"
1682510400,1682514000,2023-04-26,14:00,15:00,"NSP AI","Organizzazione NSP AI",1:00,1.00,0,nearest,29.00,29.00,unbilled,"Allocazioni team"
1682514000,1682517600,2023-04-26,15:00,16:00,"NH","Presale NH",1:00,1.00,0,nearest,29.00,29.00,unbilled,"AI per Mondino"
1682517600,1682524800,2023-04-26,16:00,18:00,"NH","Presale NH",2:00,2.00,0,nearest,29.00,58.00,unbilled,"Meeting FDO"
1682578800,1682586000,2023-04-27,09:00,11:00,"NSP AI","Organizzazione NSP AI",2:00,2.00,0,nearest,29.00,58.00,unbilled,"Update"
1682586000,1682593200,2023-04-27,11:00,13:00,"NSP Org","Allineamenti Interni",2:00,2.00,0,nearest,29.00,58.00,unbilled,"Update"
1682596800,1682604000,2023-04-27,14:00,16:00,"R&D","Sofia",2:00,2.00,0,nearest,29.00,58.00,unbilled,"Incontro Looptribe per preentazione delivery"
1682604000,1682611200,2023-04-27,16:00,18:00,"Presale","Presale vari",2:00,2.00,0,nearest,29.00,58.00,unbilled,"Update su presale"
1682665200,1682679600,2023-04-28,09:00,13:00,"","Ferie",4:00,4.00,0,nearest,,,,""
1682683200,1682697600,2023-04-28,14:00,18:00,"","Ferie",4:00,4.00,0,nearest,,,,""