unix_begin,unix_end,date,begin,end,folder,task,duration,duration_decimal,rounding_to,rounding_method,hourly_rate,revenue,billing_status,notes
1692601200,1692615600,2023-08-21,09:00,13:00,"Permessi","Ferie",4:00,4.00,0,nearest,,,,""
1692619200,1692633600,2023-08-21,14:00,18:00,"Permessi","Ferie",4:00,4.00,0,nearest,,,,""
1692687600,1692702000,2023-08-22,09:00,13:00,"Permessi","Ferie",4:00,4.00,0,nearest,,,,""
1692705600,1692720000,2023-08-22,14:00,18:00,"Permessi","Ferie",4:00,4.00,0,nearest,,,,""
1692774000,1692788400,2023-08-23,09:00,13:00,"Permessi","Ferie",4:00,4.00,0,nearest,,,,""
1692792000,1692806400,2023-08-23,14:00,18:00,"Permessi","Ferie",4:00,4.00,0,nearest,,,,""
1692860400,1692874800,2023-08-24,09:00,13:00,"Permessi","Ferie",4:00,4.00,0,nearest,,,,""
1692878400,1692892800,2023-08-24,14:00,18:00,"Permessi","Ferie",4:00,4.00,0,nearest,,,,""
1692946800,1692961200,2023-08-25,09:00,13:00,"Permessi","Ferie",4:00,4.00,0,nearest,,,,""
1692964800,1692979200,2023-08-25,14:00,18:00,"Permessi","Ferie",4:00,4.00,0,nearest,,,,""