unix_begin,unix_end,date,begin,end,folder,task,duration,duration_decimal,rounding_to,rounding_method,hourly_rate,revenue,billing_status,notes
1681196400,1681210800,2023-04-11,09:00,13:00,"Presale","KIKO",4:00,4.00,0,nearest,29.00,116.00,unbilled,"Preparazione numeri KIKO"
1681214400,1681228800,2023-04-11,14:00,18:00,"R&D","Sofia",4:00,4.00,0,nearest,29.00,116.00,unbilled,""
1681282800,1681286400,2023-04-12,09:00,10:00,"NSP IT","Progress IT",1:00,1.00,0,nearest,29.00,29.00,unbilled,"Progress"
1681286400,1681290000,2023-04-12,10:00,11:00,"Presale","Presale vari",1:00,1.00,0,nearest,29.00,29.00,unbilled,"Fiorentini"
1681290000,1681297200,2023-04-12,11:00,13:00,"NH","SoLongevity",2:00,2.00,0,nearest,29.00,58.00,unbilled,"Stime"
1681300800,1681315200,2023-04-12,14:00,18:00,"R&D","Sofia",4:00,4.00,0,nearest,29.00,116.00,unbilled,""
1681369200,1681383600,2023-04-13,09:00,13:00,"Presale","Cornercard",4:00,4.00,0,nearest,29.00,116.00,unbilled,"Presentazione NSP LLM"
1681387200,1681401600,2023-04-13,14:00,18:00,"Presale","Cornercard",4:00,4.00,0,nearest,29.00,116.00,unbilled,""
1681455600,1681470000,2023-04-14,09:00,13:00,"R&D","Sofia",4:00,4.00,0,nearest,29.00,116.00,unbilled,"Preparazione workshop"
1681473600,1681488000,2023-04-14,14:00,18:00,"R&D","Sofia",4:00,4.00,0,nearest,29.00,116.00,unbilled,""