unix_begin,unix_end,date,begin,end,folder,task,duration,duration_decimal,rounding_to,rounding_method,hourly_rate,revenue,billing_status,notes
1688972400,1688976000,2023-07-10,09:00,10:00,"NSP Org","Allineamenti Interni",1:00,1.00,0,nearest,29.00,29.00,unbilled,""
1688976000,1688979600,2023-07-10,10:00,11:00,"NSP Org","Allineamenti Interni",1:00,1.00,0,nearest,29.00,29.00,unbilled,"Approfondimento LLM"
1688979600,1688986800,2023-07-10,11:00,13:00,"NH","SinApp",2:00,2.00,0,nearest,29.00,58.00,unbilled,"Bolzano"
1688990400,1688994000,2023-07-10,14:00,15:00,"NSP Org","B.Group",1:00,1.00,0,nearest,29.00,29.00,unbilled,""
1688994000,1688997600,2023-07-10,15:00,16:00,"NSP Org","Allineamenti Interni",1:00,1.00,0,nearest,29.00,29.00,unbilled,"Ezio"
1688997600,1689004800,2023-07-10,16:00,18:00,"NSP AI","Organizzazione NSP AI",2:00,2.00,0,nearest,29.00,58.00,unbilled,"Gestione team AI"
1689058800,1689073200,2023-07-11,09:00,13:00,"R&D","LLM",4:00,4.00,0,nearest,29.00,116.00,unbilled,""
1689076800,1689091200,2023-07-11,14:00,18:00,"NSP Org","Allineamenti Interni",4:00,4.00,0,nearest,29.00,116.00,unbilled,"Preparazione Meeting Bassano"
1689145200,1689148800,2023-07-12,09:00,10:00,"NH","Presale NH",1:00,1.00,0,nearest,29.00,29.00,unbilled,"Chiesi"
1689148800,1689152400,2023-07-12,10:00,11:00,"Presale","Presale vari",1:00,1.00,0,nearest,29.00,29.00,unbilled,"Gavazzi"
1689152400,1689156000,2023-07-12,11:00,12:00,"MISE","MISE 3",1:00,1.00,0,nearest,29.00,29.00,unbilled,""
1689156000,1689159600,2023-07-12,12:00,13:00,"NH","Team NH",1:00,1.00,0,nearest,29.00,29.00,unbilled,"Progress Prodotto"
1689163200,1689170400,2023-07-12,14:00,16:00,"NH","SinApp",2:00,2.00,0,nearest,29.00,58.00,unbilled,"Bolzano"
1689170400,1689174000,2023-07-12,16:00,17:00,"Presale","Presale vari",1:00,1.00,0,nearest,29.00,29.00,unbilled,"Beta80"
1689174000,1689177600,2023-07-12,17:00,18:00,"Presale","Presale vari",1:00,1.00,0,nearest,29.00,29.00,unbilled,"Meeting BPO con ex Nexteria"
1689231600,1689235200,2023-07-13,09:00,10:00,"Presale","Presale vari",1:00,1.00,0,nearest,29.00,29.00,unbilled,"Marco Patella"
1689235200,1689238800,2023-07-13,10:00,11:00,"Presale","Presale vari",1:00,1.00,0,nearest,29.00,29.00,unbilled,"Kering Eyewear"
1689238800,1689242400,2023-07-13,11:00,12:00,"Presale","Presale vari",1:00,1.00,0,nearest,29.00,29.00,unbilled,"Cambrex"
1689242400,1689246000,2023-07-13,12:00,13:00,"NSP Org","Allineamenti Interni",1:00,1.00,0,nearest,29.00,29.00,unbilled,"Preparazione Meeting Bassano"
1689249600,1689253200,2023-07-13,14:00,15:00,"NSP IT","Progress IT",1:00,1.00,0,nearest,29.00,29.00,unbilled,"Punto con Alessandro Ogier"
1689253200,1689256800,2023-07-13,15:00,16:00,"NH","Presale NH",1:00,1.00,0,nearest,29.00,29.00,unbilled,"Fidelio"
1689256800,1689260400,2023-07-13,16:00,17:00,"NH","Presale NH",1:00,1.00,0,nearest,29.00,29.00,unbilled,"HNP"
1689260400,1689264000,2023-07-13,17:00,18:00,"NSP Org","Allineamenti Interni",1:00,1.00,0,nearest,29.00,29.00,unbilled,"Preparazione Meeting Bassano"
1689318000,1689321600,2023-07-14,09:00,10:00,"NH","Team NH",1:00,1.00,0,nearest,29.00,29.00,unbilled,"Progress Prodotto"
1689321600,1689328800,2023-07-14,10:00,12:00,"NSP Org","Housekeeping",2:00,2.00,0,nearest,29.00,58.00,unbilled,"Kickoff team integrazione HS"
1689328800,1689332400,2023-07-14,12:00,13:00,"Presale","Presale vari",1:00,1.00,0,nearest,29.00,29.00,unbilled,"Strategic"
1689336000,1689339600,2023-07-14,14:00,15:00,"NH","Presale NH",1:00,1.00,0,nearest,29.00,29.00,unbilled,"SoLo"
1689339600,1689350400,2023-07-14,15:00,18:00,"NSP Org","Allineamenti Interni",3:00,3.00,0,nearest,29.00,87.00,unbilled,"Preparazione Meeting Bassano"