unix_begin,unix_end,date,begin,end,folder,task,duration,duration_decimal,rounding_to,rounding_method,hourly_rate,revenue,billing_status,notes
1685948400,1685962800,2023-06-05,09:00,13:00,"R&D","LLM",4:00,4.00,0,nearest,29.00,116.00,unbilled,""
1685966400,1685980800,2023-06-05,14:00,18:00,"WizKey","WizKey Management",4:00,4.00,0,nearest,29.00,116.00,unbilled,"Beghe societarie"
1686034800,1686049200,2023-06-06,09:00,13:00,"NSP Org","B.Group",4:00,4.00,0,nearest,29.00,116.00,unbilled,"Preparazione DD"
1686052800,1686067200,2023-06-06,14:00,18:00,"NSP Org","B.Group",4:00,4.00,0,nearest,29.00,116.00,unbilled,"Preparazione DD"
1686121200,1686124800,2023-06-07,09:00,10:00,"NSP Org","B.Group",1:00,1.00,0,nearest,29.00,29.00,unbilled,"Preparazione DD"
1686124800,1686132000,2023-06-07,10:00,12:00,"MISE","MISE 3",2:00,2.00,0,nearest,29.00,58.00,unbilled,"Punto Settimanale"
1686132000,1686135600,2023-06-07,12:00,13:00,"NSP Org","B.Group",1:00,1.00,0,nearest,29.00,29.00,unbilled,"Preparazione DD"
1686139200,1686153600,2023-06-07,14:00,18:00,"Presale","Presale vari",4:00,4.00,0,nearest,29.00,116.00,unbilled,"Tatatu, Allineamento Commerciale, Meeting per dottorato"
1686207600,1686222000,2023-06-08,09:00,13:00,"NSP Org","B.Group",4:00,4.00,0,nearest,29.00,116.00,unbilled,"Preparazione DD"
1686225600,1686240000,2023-06-08,14:00,18:00,"NSP Org","B.Group",4:00,4.00,0,nearest,29.00,116.00,unbilled,"Preparazione DD"
1686294000,1686308400,2023-06-09,09:00,13:00,"NSP Org","B.Group",4:00,4.00,0,nearest,29.00,116.00,unbilled,"Preparazione DD"
1686312000,1686326400,2023-06-09,14:00,18:00,"NSP Org","B.Group",4:00,4.00,0,nearest,29.00,116.00,unbilled,"Meeting DD"