unix_begin,unix_end,date,begin,end,folder,task,duration,duration_decimal,rounding_to,rounding_method,hourly_rate,revenue,billing_status,notes
1674460800,1674468000,2023-01-23,09:00,11:00,"Neoscogen","Progress Neoscogen",2:00,2.00,0,nearest,29.00,58.00,unbilled,"Grane Neoscogen"
1674468000,1674471600,2023-01-23,11:00,12:00,"NSP IT","Progress IT",1:00,1.00,0,nearest,29.00,29.00,unbilled,""
1674471600,1674475200,2023-01-23,12:00,13:00,"MISE","MISE 3",1:00,1.00,0,nearest,29.00,29.00,unbilled,""
1674478800,1674493200,2023-01-23,14:00,18:00,"MISE","MISE 3",4:00,4.00,0,nearest,29.00,116.00,unbilled,""
1674547200,1674552600,2023-01-24,09:00,10:30,"Presale","CEFLA",1:30,1.50,0,nearest,29.00,43.50,unbilled,""
1674552600,1674561600,2023-01-24,10:30,13:00,"Presale","PopSo",2:30,2.50,0,nearest,29.00,72.50,unbilled,""
1674565200,1674576000,2023-01-24,14:00,17:00,"MISE","MISE 3",3:00,3.00,0,nearest,29.00,87.00,unbilled,"Preparazione visita"
1674576000,1674579600,2023-01-24,17:00,18:00,"Presale","Beretta",1:00,1.00,0,nearest,29.00,29.00,unbilled,""
1674633600,1674637200,2023-01-25,09:00,10:00,"NSP IT","AWS Partnership",1:00,1.00,0,nearest,29.00,29.00,unbilled,""
1674637200,1674638100,2023-01-25,10:00,10:15,"Presale","Azienda Zero",0:15,0.25,0,nearest,29.00,7.25,unbilled,""
1674638100,1674648000,2023-01-25,10:15,13:00,"NSP AI","Organizzazione NSP AI",2:45,2.75,0,nearest,29.00,79.75,unbilled,""
1674651600,1674657000,2023-01-25,14:00,15:30,"NH","Prodotto",1:30,1.50,0,nearest,29.00,43.50,unbilled,""
1674657000,1674662400,2023-01-25,15:30,17:00,"NSP IT","AWS Partnership",1:30,1.50,0,nearest,29.00,43.50,unbilled,""
1674662400,1674666000,2023-01-25,17:00,18:00,"MISE / MISE Tourism Cloud","Preparazione SAL conclusivo",1:00,1.00,0,nearest,29.00,29.00,unbilled,""
1674720000,1674723600,2023-01-26,09:00,10:00,"Presale","Milazzo Vaccarella",1:00,1.00,0,nearest,29.00,29.00,unbilled,""
1674723600,1674727200,2023-01-26,10:00,11:00,"NH","Case Study AWS",1:00,1.00,0,nearest,29.00,29.00,unbilled,""
1674727200,1674734400,2023-01-26,11:00,13:00,"Presale","Ital Brookers",2:00,2.00,0,nearest,29.00,58.00,unbilled,""
1674738000,1674741600,2023-01-26,14:00,15:00,"R&D","Image Search RR8",1:00,1.00,0,nearest,29.00,29.00,unbilled,""
1674741600,1674745200,2023-01-26,15:00,16:00,"NSP AI","Organizzazione NSP AI",1:00,1.00,0,nearest,29.00,29.00,unbilled,""
1674745200,1674748800,2023-01-26,16:00,17:00,"R&D","NFT Commerce",1:00,1.00,0,nearest,29.00,29.00,unbilled,""
1674748800,1674752400,2023-01-26,17:00,18:00,"AWS Hero","Heroes update",1:00,1.00,0,nearest,,,,""
1674806400,1674835231,2023-01-27,09:00,17:00,"","Ferie",8:00,8.01,0,nearest,,,,""