unix_begin,unix_end,date,begin,end,folder,task,duration,duration_decimal,rounding_to,rounding_method,hourly_rate,revenue,billing_status,notes
1687158000,1687172400,2023-06-19,09:00,13:00,"Permessi","Paternità",4:00,4.00,0,nearest,,,,"Paternity Leave"
1687176000,1687190400,2023-06-19,14:00,18:00,"Permessi","Paternità",4:00,4.00,0,nearest,,,,"Paternity Leave"
1687244400,1687258800,2023-06-20,09:00,13:00,"Permessi","Paternità",4:00,4.00,0,nearest,,,,"Paternity Leave"
1687262400,1687276800,2023-06-20,14:00,18:00,"Permessi","Paternità",4:00,4.00,0,nearest,,,,"Paternity Leave"
1687330800,1687345200,2023-06-21,09:00,13:00,"Permessi","Paternità",4:00,4.00,0,nearest,,,,"Paternity Leave"
1687348800,1687363200,2023-06-21,14:00,18:00,"Permessi","Paternità",4:00,4.00,0,nearest,,,,"Paternity Leave"
1687417200,1687431600,2023-06-22,09:00,13:00,"Permessi","Paternità",4:00,4.00,0,nearest,,,,"Paternity Leave"
1687435200,1687449600,2023-06-22,14:00,18:00,"Permessi","Paternità",4:00,4.00,0,nearest,,,,"Paternity Leave"
1687503600,1687518000,2023-06-23,09:00,13:00,"Permessi","Paternità",4:00,4.00,0,nearest,,,,"Paternity Leave"
1687521600,1687536000,2023-06-23,14:00,18:00,"Permessi","Paternità",4:00,4.00,0,nearest,,,,"Paternity Leave"