unix_begin,unix_end,date,begin,end,folder,task,duration,duration_decimal,rounding_to,rounding_method,hourly_rate,revenue,billing_status,notes
1683529200,1683536400,2023-05-08,09:00,11:00,"NSP AI","Organizzazione NSP AI",2:00,2.00,0,nearest,29.00,58.00,unbilled,""
1683536400,1683543600,2023-05-08,11:00,13:00,"R&D","LLM",2:00,2.00,0,nearest,29.00,58.00,unbilled,"Update post wrkshop"
1683547200,1683550800,2023-05-08,14:00,15:00,"R&D","Booster LC",1:00,1.00,0,nearest,29.00,29.00,unbilled,"Kickoff"
1683550800,1683561600,2023-05-08,15:00,18:00,"R&D","LLM",3:00,3.00,0,nearest,29.00,87.00,unbilled,"Preparazione "
1683615600,1683630000,2023-05-09,09:00,13:00,"NH","SinApp",4:00,4.00,0,nearest,29.00,116.00,unbilled,""
1683633600,1683637200,2023-05-09,14:00,15:00,"Presale","Presale vari",1:00,1.00,0,nearest,29.00,29.00,unbilled,"SACBO"
1683637200,1683648000,2023-05-09,15:00,18:00,"R&D","Optimus Commerce",3:00,3.00,0,nearest,29.00,87.00,unbilled,"Update vari"
1683702000,1683705600,2023-05-10,09:00,10:00,"Presale","Trenord",1:00,1.00,0,nearest,29.00,29.00,unbilled,"Condivisione PoC"
1683705600,1683709200,2023-05-10,10:00,11:00,"NH","Presale NH",1:00,1.00,0,nearest,29.00,29.00,unbilled,"Foodright"
1683709200,1683712800,2023-05-10,11:00,12:00,"NH","Prodotto",1:00,1.00,0,nearest,29.00,29.00,unbilled,"Progress"
1683712800,1683716400,2023-05-10,12:00,13:00,"NSP Org","Housekeeping",1:00,1.00,0,nearest,29.00,29.00,unbilled,"Dellabora - Cortis - Linotto"
1683720000,1683727200,2023-05-10,14:00,16:00,"NSP Org","Housekeeping",2:00,2.00,0,nearest,29.00,58.00,unbilled,"Dellabora - Cortis - Linotto"
1683727200,1683734400,2023-05-10,16:00,18:00,"NSP Org","Allineamenti Interni",2:00,2.00,0,nearest,29.00,58.00,unbilled,"Update interni"
1683788400,1683792000,2023-05-11,09:00,10:00,"NH","Prodotto",1:00,1.00,0,nearest,29.00,29.00,unbilled,"certificazioni"
1683792000,1683795600,2023-05-11,10:00,11:00,"NSP AI","Organizzazione NSP AI",1:00,1.00,0,nearest,29.00,29.00,unbilled,"Call con NIcola"
1683795600,1683802800,2023-05-11,11:00,13:00,"Presale","Presale vari",2:00,2.00,0,nearest,29.00,58.00,unbilled,"Documento Empathic Fashion Assistant"
1683806400,1683813600,2023-05-11,14:00,16:00,"R&D","LLM",2:00,2.00,0,nearest,29.00,58.00,unbilled,"NSP LLM Meeting"
1683813600,1683820800,2023-05-11,16:00,18:00,"MISE","MISE 3",2:00,2.00,0,nearest,29.00,58.00,unbilled,""
1683874800,1683878400,2023-05-12,09:00,10:00,"NH","Prodotto",1:00,1.00,0,nearest,29.00,29.00,unbilled,"Progress NH"
1683878400,1683882000,2023-05-12,10:00,11:00,"R&D","LLM",1:00,1.00,0,nearest,29.00,29.00,unbilled,"Preparazione Intro"
1683882000,1683885600,2023-05-12,11:00,12:00,"AWS Hero","Talk",1:00,1.00,0,nearest,,,,"Lezione UNIBS"
1683885600,1683889200,2023-05-12,12:00,13:00,"NH","Presale NH",1:00,1.00,0,nearest,29.00,29.00,unbilled,"Bando Horizon"
1683892800,1683907200,2023-05-12,14:00,18:00,"R&D","LLM",4:00,4.00,0,nearest,29.00,116.00,unbilled,"Preparazione Intro"