unix_begin,unix_end,date,begin,end,folder,task,duration,duration_decimal,rounding_to,rounding_method,hourly_rate,revenue,billing_status,notes
1677481200,1677484800,2023-02-27,08:00,09:00,"R&D","Chatbot avatar 3D",1:00,1.00,0,nearest,29.00,29.00,unbilled,""
1677488400,1677492000,2023-02-27,10:00,11:00,"NSP AI","Organizzazione NSP AI",1:00,1.00,0,nearest,29.00,29.00,unbilled,""
1677492000,1677495600,2023-02-27,11:00,12:00,"NSP Org","Allineamenti Interni",1:00,1.00,0,nearest,29.00,29.00,unbilled,"Con Pasquale Mazzei"
1677495600,1677499200,2023-02-27,12:00,13:00,"NH","Prodotto",1:00,1.00,0,nearest,29.00,29.00,unbilled,"Serenis + Sinapp"
1677502800,1677517200,2023-02-27,14:00,18:00,"Presale","Nippon Gases",4:00,4.00,0,nearest,29.00,116.00,unbilled,""
1677571200,1677574800,2023-02-28,09:00,10:00,"NSP IT","Progress IT",1:00,1.00,0,nearest,29.00,29.00,unbilled,""
1677574800,1677585600,2023-02-28,10:00,13:00,"MISE / MISE Tourism Cloud","Preparazione SAL conclusivo",3:00,3.00,0,nearest,29.00,87.00,unbilled,""
1677589200,1677603600,2023-02-28,14:00,18:00,"MISE / MISE Tourism Cloud","Preparazione SAL conclusivo",4:00,4.00,0,nearest,29.00,116.00,unbilled,""
1677657600,1677661200,2023-03-01,09:00,10:00,"NH","Prodotto",1:00,1.00,0,nearest,29.00,29.00,unbilled,"Gestione utenti NH"
1677661200,1677664800,2023-03-01,10:00,11:00,"NSP AI","PopSo",1:00,1.00,0,nearest,29.00,29.00,unbilled,""
1677664800,1677670200,2023-03-01,11:00,12:30,"NH","SoLongevity",1:30,1.50,0,nearest,29.00,43.50,unbilled,""
1677673800,1677677400,2023-03-01,13:30,14:30,"MISE / MISE Tourism Cloud","Preparazione SAL conclusivo",1:00,1.00,0,nearest,29.00,29.00,unbilled,""
1677677400,1677681000,2023-03-01,14:30,15:30,"NSP Org","Allineamenti Interni",1:00,1.00,0,nearest,29.00,29.00,unbilled,""
1677681000,1677684600,2023-03-01,15:30,16:30,"MISE / MISE Tourism Cloud","Preparazione SAL conclusivo",1:00,1.00,0,nearest,29.00,29.00,unbilled,""
1677684600,1677690000,2023-03-01,16:30,18:00,"AWS Hero","Live",1:30,1.50,0,nearest,,,,""
1677744000,1677747600,2023-03-02,09:00,10:00,"NH","NH IPO",1:00,1.00,0,nearest,29.00,29.00,unbilled,""
1677747600,1677751200,2023-03-02,10:00,11:00,"NSP Org","Housekeeping",1:00,1.00,0,nearest,29.00,29.00,unbilled,"Call Con GS"
1677751200,1677754800,2023-03-02,11:00,12:00,"NSP Org","Housekeeping",1:00,1.00,0,nearest,29.00,29.00,unbilled,"Offering NSP"
1677754800,1677758400,2023-03-02,12:00,13:00,"NH","Presale NH",1:00,1.00,0,nearest,29.00,29.00,unbilled,"Dubai"
1677762000,1677765600,2023-03-02,14:00,15:00,"NH","Presale NH",1:00,1.00,0,nearest,29.00,29.00,unbilled,"Dubai"
1677765600,1677772800,2023-03-02,15:00,17:00,"WizKey","WizKey Management",2:00,2.00,0,nearest,29.00,58.00,unbilled,"Wizkey societaria"
1677772800,1677776400,2023-03-02,17:00,18:00,"R&D","Sofia",1:00,1.00,0,nearest,29.00,29.00,unbilled,"Call con Diego"
1677830400,1677837600,2023-03-03,09:00,11:00,"NSP Org","Allineamenti Interni",2:00,2.00,0,nearest,29.00,58.00,unbilled,"Processo fatturazione Process Innovation - Processo Sales Mevis"
1677837600,1677841200,2023-03-03,11:00,12:00,"Neoscogen","Organizzazione Neoscogen",1:00,1.00,0,nearest,29.00,29.00,unbilled,"Beghe Neoscogen con Luigi"
1677841200,1677844800,2023-03-03,12:00,13:00,"NSP AI","Organizzazione NSP AI",1:00,1.00,0,nearest,29.00,29.00,unbilled,""
1677848400,1677862800,2023-03-03,14:00,18:00,"NSP AI","Organizzazione NSP AI",4:00,4.00,0,nearest,29.00,116.00,unbilled,""