unix_begin,unix_end,date,begin,end,folder,task,duration,duration_decimal,rounding_to,rounding_method,hourly_rate,revenue,billing_status,notes
1684134000,1684148400,2023-05-15,09:00,13:00,"R&D","LLM",4:00,4.00,0,nearest,29.00,116.00,unbilled,"LLM for devs"
1684152000,1684159200,2023-05-15,14:00,16:00,"NSP AI","PopSo",2:00,2.00,0,nearest,29.00,58.00,unbilled,""
1684159200,1684166400,2023-05-15,16:00,18:00,"Presale","Presale vari",2:00,2.00,0,nearest,29.00,58.00,unbilled,"Beond"
1684220400,1684224000,2023-05-16,09:00,10:00,"NSP AI","Organizzazione NSP AI",1:00,1.00,0,nearest,29.00,29.00,unbilled,""
1684224000,1684234800,2023-05-16,10:00,13:00,"Neoscogen","A2A",3:00,3.00,0,nearest,29.00,87.00,unbilled,"Pianificazione future collaborazioni"
1684238400,1684242000,2023-05-16,14:00,15:00,"NH","SinApp",1:00,1.00,0,nearest,29.00,29.00,unbilled,""
1684242000,1684252800,2023-05-16,15:00,18:00,"Presale","Nippon Gases",3:00,3.00,0,nearest,29.00,87.00,unbilled,"Preparazione Kickoff"
1684306800,1684310400,2023-05-17,09:00,10:00,"NSP IT","Progress IT",1:00,1.00,0,nearest,29.00,29.00,unbilled,""
1684310400,1684314000,2023-05-17,10:00,11:00,"R&D","Booster LC",1:00,1.00,0,nearest,29.00,29.00,unbilled,""
1684314000,1684321200,2023-05-17,11:00,13:00,"NH","Presale NH",2:00,2.00,0,nearest,29.00,58.00,unbilled,"Slide deck per bando Horizon"
1684324800,1684335600,2023-05-17,14:00,17:00,"AWS Hero","Talk",3:00,3.00,0,nearest,,,,"Algoritmi e strutture dati @ UniPV"
1684335600,1684339200,2023-05-17,17:00,18:00,"AWS Hero","Live",1:00,1.00,0,nearest,,,,"AWS Innovation Day"
1684393200,1684407600,2023-05-18,09:00,13:00,"Permessi","Ferie",4:00,4.00,0,nearest,,,,""
1684411200,1684425600,2023-05-18,14:00,18:00,"Permessi","Ferie",4:00,4.00,0,nearest,,,,""
1684479600,1684483200,2023-05-19,09:00,10:00,"NH","Team NH",1:00,1.00,0,nearest,29.00,29.00,unbilled,""
1684483200,1684494000,2023-05-19,10:00,13:00,"NH","Presale NH",3:00,3.00,0,nearest,29.00,87.00,unbilled,"San Matteo"
1684497600,1684501200,2023-05-19,14:00,15:00,"NSP IT","Progress IT",1:00,1.00,0,nearest,29.00,29.00,unbilled,"Team Infra"
1684501200,1684512000,2023-05-19,15:00,18:00,"WizKey","WizKey Management",3:00,3.00,0,nearest,29.00,87.00,unbilled,""