unix_begin,unix_end,date,begin,end,folder,task,duration,duration_decimal,rounding_to,rounding_method,hourly_rate,revenue,billing_status,notes
1690182000,1690185600,2023-07-24,09:00,10:00,"NH","Presale NH",1:00,1.00,0,nearest,29.00,29.00,unbilled,"Approfondimento HNP"
1690185600,1690189200,2023-07-24,10:00,11:00,"Presale","Presale vari",1:00,1.00,0,nearest,29.00,29.00,unbilled,"Sensori STM con Luca Sala"
1690189200,1690192800,2023-07-24,11:00,12:00,"NH","Presale NH",1:00,1.00,0,nearest,29.00,29.00,unbilled,"Ambined"
1690192800,1690196400,2023-07-24,12:00,13:00,"Presale","Presale vari",1:00,1.00,0,nearest,29.00,29.00,unbilled,"SmartTMS"
1690200000,1690203600,2023-07-24,14:00,15:00,"Presale","Presale vari",1:00,1.00,0,nearest,29.00,29.00,unbilled,"SmartTMS"
1690203600,1690214400,2023-07-24,15:00,18:00,"NH","Presale NH",3:00,3.00,0,nearest,29.00,87.00,unbilled,"TLS, SoLo, Chiesi"
1690268400,1690282800,2023-07-25,09:00,13:00,"Presale","Presale vari",4:00,4.00,0,nearest,29.00,116.00,unbilled,"ANRACO"
1690286400,1690293600,2023-07-25,14:00,16:00,"NSP IT","Progress IT",2:00,2.00,0,nearest,29.00,58.00,unbilled,"Meeting DevOps con Ezio e Angelo"
1690293600,1690300800,2023-07-25,16:00,18:00,"Presale","Presale vari",2:00,2.00,0,nearest,29.00,58.00,unbilled,"Preparazione TeamSystem"
1690354800,1690369200,2023-07-26,09:00,13:00,"Permessi","Ferie",4:00,4.00,0,nearest,,,,""
1690372800,1690387200,2023-07-26,14:00,18:00,"Permessi","Ferie",4:00,4.00,0,nearest,,,,""
1690441200,1690455600,2023-07-27,09:00,13:00,"Permessi","Ferie",4:00,4.00,0,nearest,,,,""
1690459200,1690473600,2023-07-27,14:00,18:00,"Permessi","Ferie",4:00,4.00,0,nearest,,,,""
1690527600,1690542000,2023-07-28,09:00,13:00,"Permessi","Ferie",4:00,4.00,0,nearest,,,,""
1690545600,1690560000,2023-07-28,14:00,18:00,"Permessi","Ferie",4:00,4.00,0,nearest,,,,""