unix_begin,unix_end,date,begin,end,folder,task,duration,duration_decimal,rounding_to,rounding_method,hourly_rate,revenue,billing_status,notes
1683010800,1683018000,2023-05-02,09:00,11:00,"NSP Org","Allineamenti Interni",2:00,2.00,0,nearest,29.00,58.00,unbilled,"Assemblea Looptribe "
1683018000,1683021600,2023-05-02,11:00,12:00,"NH","SoLongevity",1:00,1.00,0,nearest,29.00,29.00,unbilled,"FSG"
1683021600,1683025200,2023-05-02,12:00,13:00,"NSP Org","Allineamenti Interni",1:00,1.00,0,nearest,29.00,29.00,unbilled,"AWS che famo"
1683028800,1683032400,2023-05-02,14:00,15:00,"NSP AI","Organizzazione NSP AI",1:00,1.00,0,nearest,29.00,29.00,unbilled,"Gestione team NH"
1683032400,1683036000,2023-05-02,15:00,16:00,"NSP Org","Allineamenti Interni",1:00,1.00,0,nearest,29.00,29.00,unbilled,"Patrizia "
1683036000,1683043200,2023-05-02,16:00,18:00,"MISE","MISE 3",2:00,2.00,0,nearest,29.00,58.00,unbilled,""
1683097200,1683100800,2023-05-03,09:00,10:00,"NSP IT","Progress IT",1:00,1.00,0,nearest,29.00,29.00,unbilled,"SAL IT"
1683100800,1683106200,2023-05-03,10:00,11:30,"NH","Prodotto",1:30,1.50,0,nearest,29.00,43.50,unbilled,"Certificazioni"
1683106200,1683111600,2023-05-03,11:30,13:00,"NH","Prodotto",1:30,1.50,0,nearest,29.00,43.50,unbilled,"FHIR"
1683115200,1683118800,2023-05-03,14:00,15:00,"NSP Org","Housekeeping",1:00,1.00,0,nearest,29.00,29.00,unbilled,"Call AWS PopSo"
1683118800,1683122400,2023-05-03,15:00,16:00,"NH","Prodotto",1:00,1.00,0,nearest,29.00,29.00,unbilled,"Update architettura NH"
1683122400,1683126000,2023-05-03,16:00,17:00,"Presale","Trenord",1:00,1.00,0,nearest,29.00,29.00,unbilled,"Trenord capotreno "
1683126000,1683129600,2023-05-03,17:00,18:00,"NH","Prodotto",1:00,1.00,0,nearest,29.00,29.00,unbilled,"Telos"
1683183600,1683187200,2023-05-04,09:00,10:00,"NSP Org","Allineamenti Interni",1:00,1.00,0,nearest,29.00,29.00,unbilled,"Dev backend vari"
1683187200,1683190800,2023-05-04,10:00,11:00,"NH","Prodotto",1:00,1.00,0,nearest,29.00,29.00,unbilled,"Progress"
1683190800,1683198000,2023-05-04,11:00,13:00,"NSP Org","Housekeeping",2:00,2.00,0,nearest,29.00,58.00,unbilled,"Gestione interna"
1683201600,1683216000,2023-05-04,14:00,18:00,"Permessi","Ferie",4:00,4.00,0,nearest,,,,""
1683270000,1683273600,2023-05-05,09:00,10:00,"R&D","Optimus Commerce",1:00,1.00,0,nearest,29.00,29.00,unbilled,""
1683273600,1683280800,2023-05-05,10:00,12:00,"NH","Prodotto",2:00,2.00,0,nearest,29.00,58.00,unbilled,"Seghezzi"
1683280800,1683284400,2023-05-05,12:00,13:00,"R&D","LLM",1:00,1.00,0,nearest,29.00,29.00,unbilled,"Preparazione debrief"
1683288000,1683295200,2023-05-05,14:00,16:00,"R&D","LLM",2:00,2.00,0,nearest,29.00,58.00,unbilled,"debrief"
1683295200,1683302400,2023-05-05,16:00,18:00,"Presale","Presale vari",2:00,2.00,0,nearest,29.00,58.00,unbilled,"Bulgari"