unix_begin,unix_end,date,begin,end,folder,task,duration,duration_decimal,rounding_to,rounding_method,hourly_rate,revenue,billing_status,notes
1680505200,1680512400,2023-04-03,09:00,11:00,"NSP AI","Organizzazione NSP AI",2:00,2.00,0,nearest,29.00,58.00,unbilled,""
1680512400,1680519600,2023-04-03,11:00,13:00,"NSP Org","Housekeeping",2:00,2.00,0,nearest,29.00,58.00,unbilled,""
1680523200,1680537600,2023-04-03,14:00,18:00,"NSP Org","Allineamenti Interni",4:00,4.00,0,nearest,29.00,116.00,unbilled,""
1680591600,1680595200,2023-04-04,09:00,10:00,"NSP IT","Progress IT",1:00,1.00,0,nearest,29.00,29.00,unbilled,"SAL"
1680595200,1680598800,2023-04-04,10:00,11:00,"Presale","Presale vari",1:00,1.00,0,nearest,29.00,29.00,unbilled,"ChatGPT e Booster"
1680598800,1680606000,2023-04-04,11:00,13:00,"MISE","MISE 3",2:00,2.00,0,nearest,29.00,58.00,unbilled,"Update"
1680609600,1680624000,2023-04-04,14:00,18:00,"","Ferie",4:00,4.00,0,nearest,,,,""
1680678000,1680692400,2023-04-05,09:00,13:00,"NH","SoLongevity",4:00,4.00,0,nearest,29.00,116.00,unbilled,""
1680696000,1680710400,2023-04-05,14:00,18:00,"NSP Org","Allineamenti Interni",4:00,4.00,0,nearest,29.00,116.00,unbilled,""
1680764400,1680768000,2023-04-06,09:00,10:00,"Neoscogen","A2A",1:00,1.00,0,nearest,29.00,29.00,unbilled,"Allineamento"
1680768000,1680771600,2023-04-06,10:00,11:00,"Presale","Milazzo Vaccarella",1:00,1.00,0,nearest,29.00,29.00,unbilled,""
1680771600,1680778800,2023-04-06,11:00,13:00,"Neoscogen","A2A",2:00,2.00,0,nearest,29.00,58.00,unbilled,""
1680782400,1680796800,2023-04-06,14:00,18:00,"R&D","Sofia",4:00,4.00,0,nearest,29.00,116.00,unbilled,"Preparazione workshop"
1680850800,1680865200,2023-04-07,09:00,13:00,"R&D","Sofia",4:00,4.00,0,nearest,29.00,116.00,unbilled,""
1680868800,1680883200,2023-04-07,14:00,18:00,"R&D","Sofia",4:00,4.00,0,nearest,29.00,116.00,unbilled,""