unix_begin,unix_end,date,begin,end,folder,task,duration,duration_decimal,rounding_to,rounding_method,hourly_rate,revenue,billing_status,notes
1673596800,1673600400,2023-01-13,09:00,10:00,"NH","SinApp",1:00,1.00,0,nearest,29.00,29.00,unbilled,""
1673600400,1673604000,2023-01-13,10:00,11:00,"NSP Org","Housekeeping",1:00,1.00,0,nearest,29.00,29.00,unbilled,"Supporto CTO"
1673614800,1673629200,2023-01-13,14:00,18:00,"WizKey","WizKey R&D",4:00,4.00,0,nearest,29.00,116.00,unbilled,""
1673856000,1673859600,2023-01-16,09:00,10:00,"Neoscogen","Progress Neoscogen",1:00,1.00,0,nearest,29.00,29.00,unbilled,""
1673859600,1673870400,2023-01-16,10:00,13:00,"NSP Org","Housekeeping",3:00,3.00,0,nearest,29.00,87.00,unbilled,"Entrate e uscite dai team"
1673874000,1673888400,2023-01-16,14:00,18:00,"MISE","MISE 3",4:00,4.00,0,nearest,29.00,116.00,unbilled,""
1673942400,1673949600,2023-01-17,09:00,11:00,"Presale","Milazzo Vaccarella",2:00,2.00,0,nearest,29.00,58.00,unbilled,""
1673949600,1673953200,2023-01-17,11:00,12:00,"Neoscogen","Organizzazione Neoscogen",1:00,1.00,0,nearest,29.00,29.00,unbilled,""
1673953200,1673956800,2023-01-17,12:00,13:00,"NH","SoLongevity",1:00,1.00,0,nearest,29.00,29.00,unbilled,""
1673960400,1673967600,2023-01-17,14:00,16:00,"NSP AI","Organizzazione NSP AI",2:00,2.00,0,nearest,29.00,58.00,unbilled,""
1673967600,1673974800,2023-01-17,16:00,18:00,"NH","Presale NH",2:00,2.00,0,nearest,29.00,58.00,unbilled,""
1674028800,1674032400,2023-01-18,09:00,10:00,"WizKey","WizKey Management",1:00,1.00,0,nearest,29.00,29.00,unbilled,""
1674032400,1674039600,2023-01-18,10:00,12:00,"Neoscogen","A2A",2:00,2.00,0,nearest,29.00,58.00,unbilled,""
1674039600,1674043200,2023-01-18,12:00,13:00,"MISE","MISE 3",1:00,1.00,0,nearest,29.00,29.00,unbilled,""
1674046800,1674050400,2023-01-18,14:00,15:00,"NH","Prodotto",1:00,1.00,0,nearest,29.00,29.00,unbilled,""
1674050400,1674061200,2023-01-18,15:00,18:00,"NSP Org","Housekeeping",3:00,3.00,0,nearest,29.00,87.00,unbilled,"Tools, processo sales"
1674115200,1674118800,2023-01-19,09:00,10:00,"Presale","Milazzo Vaccarella",1:00,1.00,0,nearest,29.00,29.00,unbilled,""
1674118800,1674122400,2023-01-19,10:00,11:00,"NSP AI","Organizzazione Sales AI",1:00,1.00,0,nearest,29.00,29.00,unbilled,""
1674122400,1674126000,2023-01-19,11:00,12:00,"NSP Org","Allineamenti Interni",1:00,1.00,0,nearest,29.00,29.00,unbilled,""
1674126000,1674129600,2023-01-19,12:00,13:00,"NH","Prodotto",1:00,1.00,0,nearest,29.00,29.00,unbilled,""
1674133200,1674147600,2023-01-19,14:00,18:00,"NH","Prodotto",4:00,4.00,0,nearest,29.00,116.00,unbilled,""
1674201600,1674205200,2023-01-20,09:00,10:00,"MISE","MISE 3",1:00,1.00,0,nearest,29.00,29.00,unbilled,""
1674205200,1674208800,2023-01-20,10:00,11:00,"Presale","PopSo",1:00,1.00,0,nearest,29.00,29.00,unbilled,""
1674208800,1674216000,2023-01-20,11:00,13:00,"NSP AI","Organizzazione NSP AI",2:00,2.00,0,nearest,29.00,58.00,unbilled,""
1674219600,1674234000,2023-01-20,14:00,18:00,"WizKey","WizKey R&D",4:00,4.00,0,nearest,29.00,116.00,unbilled,""
1674460800,1674468000,2023-01-23,09:00,11:00,"Neoscogen","Progress Neoscogen",2:00,2.00,0,nearest,29.00,58.00,unbilled,"Grane Neoscogen"
1674468000,1674471600,2023-01-23,11:00,12:00,"NSP IT","Progress IT",1:00,1.00,0,nearest,29.00,29.00,unbilled,""
1674471600,1674475200,2023-01-23,12:00,13:00,"MISE","MISE 3",1:00,1.00,0,nearest,29.00,29.00,unbilled,""
1674478800,1674493200,2023-01-23,14:00,18:00,"MISE","MISE 3",4:00,4.00,0,nearest,29.00,116.00,unbilled,""
1674547200,1674552600,2023-01-24,09:00,10:30,"Presale","CEFLA",1:30,1.50,0,nearest,29.00,43.50,unbilled,""
1674552600,1674561600,2023-01-24,10:30,13:00,"Presale","PopSo",2:30,2.50,0,nearest,29.00,72.50,unbilled,""
1674565200,1674576000,2023-01-24,14:00,17:00,"MISE","MISE 3",3:00,3.00,0,nearest,29.00,87.00,unbilled,"Preparazione visita"
1674576000,1674579600,2023-01-24,17:00,18:00,"Presale","Beretta",1:00,1.00,0,nearest,29.00,29.00,unbilled,""
1674633600,1674637200,2023-01-25,09:00,10:00,"NSP IT","AWS Partnership",1:00,1.00,0,nearest,29.00,29.00,unbilled,""
1674637200,1674638100,2023-01-25,10:00,10:15,"Presale","Azienda Zero",0:15,0.25,0,nearest,29.00,7.25,unbilled,""
1674641400,1674648000,2023-01-25,11:10,13:00,"NSP AI","Organizzazione NSP AI",1:50,1.83,0,nearest,29.00,53.17,unbilled,""
1674651600,1674657000,2023-01-25,14:00,15:30,"NH","Prodotto",1:30,1.50,0,nearest,29.00,43.50,unbilled,""
1674657000,1674662400,2023-01-25,15:30,17:00,"NSP IT","AWS Partnership",1:30,1.50,0,nearest,29.00,43.50,unbilled,""
1674662400,1674666000,2023-01-25,17:00,18:00,"MISE / MISE Tourism Cloud","Preparazione SAL conclusivo",1:00,1.00,0,nearest,29.00,29.00,unbilled,""
1674717300,1674720000,2023-01-26,08:15,09:00,"Neoscogen","Organizzazione Team",0:45,0.75,0,nearest,29.00,21.75,unbilled,""
1674720000,1674723600,2023-01-26,09:00,10:00,"Presale","Milazzo Vaccarella",1:00,1.00,0,nearest,29.00,29.00,unbilled,""
1674723600,1674727086,2023-01-26,10:00,10:58,"NH","Case Study AWS",0:58,0.97,0,nearest,29.00,28.08,unbilled,""
1674727239,1674734480,2023-01-26,11:00,13:01,"Presale","Ital Brookers",2:00,2.01,0,nearest,29.00,58.33,unbilled,""
1674738000,1674741600,2023-01-26,14:00,15:00,"R&D","Image Search RR8",1:00,1.00,0,nearest,29.00,29.00,unbilled,""
1674741600,1674745200,2023-01-26,15:00,16:00,"NSP AI","Organizzazione NSP AI",1:00,1.00,0,nearest,29.00,29.00,unbilled,""
1674745200,1674748800,2023-01-26,16:00,17:00,"R&D","NFT Commerce",1:00,1.00,0,nearest,29.00,29.00,unbilled,""
1674748800,1674752400,2023-01-26,17:00,18:00,"AWS Hero","Heroes update",1:00,1.00,0,nearest,,,,""
1674806400,1674835231,2023-01-27,09:00,17:00,"","Ferie",8:00,8.01,0,nearest,,,,""
1675064700,1675065600,2023-01-30,08:45,09:00,"Neoscogen","Progress Neoscogen",0:15,0.25,0,nearest,29.00,7.25,unbilled,""
1675065600,1675069200,2023-01-30,09:00,10:00,"NSP IT","Gitlab",1:00,1.00,0,nearest,29.00,29.00,unbilled,""
1675069200,1675072800,2023-01-30,10:00,11:00,"NSP IT","Progress IT",1:00,1.00,0,nearest,29.00,29.00,unbilled,""
1675072800,1675080000,2023-01-30,11:00,13:00,"NSP AI","Organizzazione NSP AI",2:00,2.00,0,nearest,29.00,58.00,unbilled,""
1675083600,1675087200,2023-01-30,14:00,15:00,"MISE / MISE Tourism Cloud","Preparazione SAL conclusivo",1:00,1.00,0,nearest,29.00,29.00,unbilled,""
1675087200,1675090800,2023-01-30,15:00,16:00,"NSP AI","Organizzazione NSP AI",1:00,1.00,0,nearest,29.00,29.00,unbilled,"Conta delle spazzole"
1675090800,1675094400,2023-01-30,16:00,17:00,"MISE","MISE4",1:00,1.00,0,nearest,29.00,29.00,unbilled,""
1675094400,1675098000,2023-01-30,17:00,18:00,"Presale","Nippon Gases",1:00,1.00,0,nearest,29.00,29.00,unbilled,""
1675152000,1675155600,2023-01-31,09:00,10:00,"NSP IT","Progress IT",1:00,1.00,0,nearest,29.00,29.00,unbilled,""
1675155600,1675159200,2023-01-31,10:00,11:00,"Presale","CEFLA",1:00,1.00,0,nearest,29.00,29.00,unbilled,""
1675159200,1675166400,2023-01-31,11:00,13:00,"MISE / MISE Tourism Cloud","Preparazione SAL conclusivo",2:00,2.00,0,nearest,29.00,58.00,unbilled,""
1675170000,1675184400,2023-01-31,14:00,18:00,"MISE / MISE Tourism Cloud","Preparazione SAL conclusivo",4:00,4.00,0,nearest,29.00,116.00,unbilled,""