unix_begin,unix_end,date,begin,end,folder,task,duration,duration_decimal,rounding_to,rounding_method,hourly_rate,revenue,billing_status,notes
1673251200,1673265600,2023-01-09,09:00,13:00,"NSP Org","Allineamenti Interni",4:00,4.00,0,nearest,29.00,116.00,unbilled,""
1673269200,1673276400,2023-01-09,14:00,16:00,"NSP AI","Organizzazione NSP AI",2:00,2.00,0,nearest,29.00,58.00,unbilled,""
1673276400,1673283600,2023-01-09,16:00,18:00,"R&D","Sofia",2:00,2.00,0,nearest,29.00,58.00,unbilled,""
1673337600,1673352000,2023-01-10,09:00,13:00,"NSP Org","Allineamenti Interni",4:00,4.00,0,nearest,29.00,116.00,unbilled,"Organizzazione NSP"
1673355600,1673370000,2023-01-10,14:00,18:00,"Presale","Presale vari",4:00,4.00,0,nearest,29.00,116.00,unbilled,""
1673424000,1673431200,2023-01-11,09:00,11:00,"NSP IT","Progress IT",2:00,2.00,0,nearest,29.00,58.00,unbilled,"Sistemazione"
1673431200,1673438400,2023-01-11,11:00,13:00,"R&D","Sofia",2:00,2.00,0,nearest,29.00,58.00,unbilled,""
1673442000,1673449200,2023-01-11,14:00,16:00,"NSP AI","Organizzazione NSP AI",2:00,2.00,0,nearest,29.00,58.00,unbilled,""
1673449200,1673456400,2023-01-11,16:00,18:00,"R&D","Sofia",2:00,2.00,0,nearest,29.00,58.00,unbilled,""
1673510400,1673517600,2023-01-12,09:00,11:00,"NSP IT","Gitlab",2:00,2.00,0,nearest,29.00,58.00,unbilled,""
1673517600,1673524800,2023-01-12,11:00,13:00,"R&D","Sofia",2:00,2.00,0,nearest,29.00,58.00,unbilled,""
1673528400,1673542800,2023-01-12,14:00,18:00,"Presale","Sofia (presale)",4:00,4.00,0,nearest,29.00,116.00,unbilled,""
1673596800,1673600400,2023-01-13,09:00,10:00,"NH","SinApp",1:00,1.00,0,nearest,29.00,29.00,unbilled,""
1673600400,1673611200,2023-01-13,10:00,13:00,"NSP Org","Housekeeping",3:00,3.00,0,nearest,29.00,87.00,unbilled,"Supporto CTO"
1673614800,1673629200,2023-01-13,14:00,18:00,"WizKey","WizKey R&D",4:00,4.00,0,nearest,29.00,116.00,unbilled,""