unix_begin,unix_end,date,begin,end,folder,task,duration,duration_decimal,rounding_to,rounding_method,hourly_rate,revenue,billing_status,notes
1693206000,1693220400,2023-08-28,09:00,13:00,"Permessi","Ferie",4:00,4.00,0,nearest,,,,""
1693224000,1693238400,2023-08-28,14:00,18:00,"Permessi","Ferie",4:00,4.00,0,nearest,,,,""
1693292400,1693306800,2023-08-29,09:00,13:00,"Permessi","Ferie",4:00,4.00,0,nearest,,,,""
1693310400,1693324800,2023-08-29,14:00,18:00,"Permessi","Ferie",4:00,4.00,0,nearest,,,,""
1693378800,1693393200,2023-08-30,09:00,13:00,"Permessi","Ferie",4:00,4.00,0,nearest,,,,""
1693396800,1693411200,2023-08-30,14:00,18:00,"Permessi","Ferie",4:00,4.00,0,nearest,,,,""
1693465200,1693479600,2023-08-31,09:00,13:00,"Permessi","Ferie",4:00,4.00,0,nearest,,,,""
1693483200,1693497600,2023-08-31,14:00,18:00,"Permessi","Ferie",4:00,4.00,0,nearest,,,,""
1693551600,1693566000,2023-09-01,09:00,13:00,"Permessi","Ferie",4:00,4.00,0,nearest,,,,""
1693569600,1693584000,2023-09-01,14:00,18:00,"Permessi","Ferie",4:00,4.00,0,nearest,,,,""