unix_begin,unix_end,date,begin,end,folder,task,duration,duration_decimal,rounding_to,rounding_method,hourly_rate,revenue,billing_status,notes
1678089600,1678093200,2023-03-06,09:00,10:00,"R&D","Sofia",1:00,1.00,0,nearest,29.00,29.00,unbilled,""
1678093200,1678096800,2023-03-06,10:00,11:00,"NSP AI","Organizzazione NSP AI",1:00,1.00,0,nearest,29.00,29.00,unbilled,""
1678096800,1678102200,2023-03-06,11:00,12:30,"WizKey","WizKey Management",1:30,1.50,0,nearest,29.00,43.50,unbilled,"CdA straordinario"
1678102200,1678104000,2023-03-06,12:30,13:00,"R&D","Sofia",0:30,0.50,0,nearest,29.00,14.50,unbilled,""
1678107600,1678111200,2023-03-06,14:00,15:00,"NH","SoLongevity",1:00,1.00,0,nearest,29.00,29.00,unbilled,"Cargopooling"
1678111200,1678113000,2023-03-06,15:00,15:30,"NH","NH IPO",0:30,0.50,0,nearest,29.00,14.50,unbilled,""
1678113000,1678118400,2023-03-06,15:30,17:00,"MISE / MISE Tourism Cloud","Preparazione SAL conclusivo",1:30,1.50,0,nearest,29.00,43.50,unbilled,""
1678118400,1678120200,2023-03-06,17:00,17:30,"MISE / MISE Tourism Cloud","Preparazione SAL conclusivo",0:30,0.50,0,nearest,29.00,14.50,unbilled,"DPA"
1678120200,1678122000,2023-03-06,17:30,18:00,"AWS Hero","Heroes update",0:30,0.50,0,nearest,,,,""
1678176000,1678179600,2023-03-07,09:00,10:00,"Presale","BNP Paribas",1:00,1.00,0,nearest,29.00,29.00,unbilled,""
1678179600,1678183200,2023-03-07,10:00,11:00,"MISE / MISE Tourism Cloud","Preparazione SAL conclusivo",1:00,1.00,0,nearest,29.00,29.00,unbilled,""
1678183200,1678190400,2023-03-07,11:00,13:00,"NSP AI","PopSo",2:00,2.00,0,nearest,29.00,58.00,unbilled,""
1678194000,1678201200,2023-03-07,14:00,16:00,"NSP Org","Allineamenti Interni",2:00,2.00,0,nearest,29.00,58.00,unbilled,"Presentazione RR8"
1678201200,1678204800,2023-03-07,16:00,17:00,"NH","NH IPO",1:00,1.00,0,nearest,29.00,29.00,unbilled,"AI per IPO"
1678204800,1678208400,2023-03-07,17:00,18:00,"MISE / MISE Tourism Cloud","Preparazione SAL conclusivo",1:00,1.00,0,nearest,29.00,29.00,unbilled,""
1678262400,1678266000,2023-03-08,09:00,10:00,"WizKey","WizKey Management",1:00,1.00,0,nearest,29.00,29.00,unbilled,""
1678266000,1678276800,2023-03-08,10:00,13:00,"MISE / MISE Tourism Cloud","Preparazione SAL conclusivo",3:00,3.00,0,nearest,29.00,87.00,unbilled,""
1678280400,1678294800,2023-03-08,14:00,18:00,"MISE / MISE Tourism Cloud","Preparazione SAL conclusivo",4:00,4.00,0,nearest,29.00,116.00,unbilled,""
1678348800,1678352400,2023-03-09,09:00,10:00,"WizKey","WizKey Management",1:00,1.00,0,nearest,29.00,29.00,unbilled,""
1678352400,1678356000,2023-03-09,10:00,11:00,"WizKey","WizKey Management",1:00,1.00,0,nearest,29.00,29.00,unbilled,"cda"
1678356000,1678359600,2023-03-09,11:00,12:00,"WizKey","WizKey Management",1:00,1.00,0,nearest,29.00,29.00,unbilled,""
1678359600,1678363200,2023-03-09,12:00,13:00,"Neoscogen","A2A",1:00,1.00,0,nearest,29.00,29.00,unbilled,"conti"
1678366800,1678381200,2023-03-09,14:00,18:00,"","Ferie",4:00,4.00,0,nearest,,,,""
1678435200,1678438800,2023-03-10,09:00,10:00,"WizKey","WizKey Management",1:00,1.00,0,nearest,29.00,29.00,unbilled,""
1678438800,1678442400,2023-03-10,10:00,11:00,"NH","SinApp",1:00,1.00,0,nearest,29.00,29.00,unbilled,""
1678442400,1678446000,2023-03-10,11:00,12:00,"WizKey","WizKey Management",1:00,1.00,0,nearest,29.00,29.00,unbilled,""
1678446000,1678449600,2023-03-10,12:00,13:00,"NSP AI","Organizzazione NSP AI",1:00,1.00,0,nearest,29.00,29.00,unbilled,""
1678453200,1678460400,2023-03-10,14:00,16:00,"NSP AI","Organizzazione NSP AI",2:00,2.00,0,nearest,29.00,58.00,unbilled,""
1678460400,1678467600,2023-03-10,16:00,18:00,"WizKey","WizKey Management",2:00,2.00,0,nearest,29.00,58.00,unbilled,""